<!-->
	<Recipe timeRequired="NUMBER" power="NUMBER">
		<input>
			<fluidStack>FLUID NAME SIZE</fluidStack>
			<itemStack>ITEM_NAME SIZE META</itemStack>
			<oreDict>OREDICT_NAME SIZE</oreDict>
        </input>
		<output>
			<fluidStack>FLUID_NAME SIZE</fluidStack>
			<itemStack>ITEM_NAME SIZE META</itemStack>
			<oreDict>OREDICT_NAME SIZE</oreDict>
		</output>
	</Recipe>
	
	Can have Multiple In/Outputs
	Some Machines can only Accept either Fluids or Items
	
	timeRequired="NUMBER"	how long a Recipe takes, Unit is in Ticks.
	power="NUMBER" how much Power the Recipes takes per Tick. Unit is in RF.
	
	The "useDefault" attribute will prevent loading of recipes if set to "false"
<!-->
<Recipes useDefault="true">
	<Recipe timeRequired="40" power ="20">
		<input>
			<itemStack>advancedrocketry:carbonScrubberCartridge 1 32767</itemStack>
		</input>
		<output>
			<itemStack>advancedrocketry:carbonScrubberCartridge</itemStack>
			<itemStack>minecraft:coal 1 1</itemStack>
		</output>
	</Recipe>
	<Recipe timeRequired="100" power ="1">
		<input>
			<itemStack>minecraft:bone</itemStack>
			<fluidStack>nitrogen 10</fluidStack>
		</input>
		<output>
			<itemStack>minecraft:dye 5 15</itemStack>
		</output>
	</Recipe>
	<Recipe timeRequired="100" power ="10">
		<input>
			<fluidStack>oxygen 10</fluidStack>
			<fluidStack>hydrogen 10</fluidStack>
		</input>
		<output>
			<fluidStack>rocketfuel 20</fluidStack>
		</output>
	</Recipe>
	<Recipe timeRequired="100" power ="10">
		<input>
			<itemStack>draconicevolution:draconic_boots</itemStack>
			<oreDict>gemDiamond</oreDict>
		</input>
		<output>
			<itemStack>draconicevolution:draconic_boots</itemStack>
		</output>
	</Recipe>
	<Recipe timeRequired="100" power ="10">
		<input>
			<itemStack>thaumcraft:fortress_chest</itemStack>
			<oreDict>gemDiamond</oreDict>
			<itemStack>advancedrocketry:pressureTank 1 3</itemStack>
		</input>
		<output>
			<itemStack>thaumcraft:fortress_chest</itemStack>
		</output>
	</Recipe>
	<Recipe timeRequired="100" power ="10">
		<input>
			<itemStack>opencomputers:hoverBoots</itemStack>
			<oreDict>gemDiamond</oreDict>
		</input>
		<output>
			<itemStack>opencomputers:hoverBoots</itemStack>
		</output>
	</Recipe>
	<Recipe timeRequired="100" power ="10">
		<input>
			<itemStack>natura:imp_armor_boots</itemStack>
			<oreDict>gemDiamond</oreDict>
		</input>
		<output>
			<itemStack>natura:imp_armor_boots</itemStack>
		</output>
	</Recipe>
	<Recipe timeRequired="100" power ="10">
		<input>
			<itemStack>secretroomsmod:iron_exposing_helmet</itemStack>
			<oreDict>gemDiamond</oreDict>
		</input>
		<output>
			<itemStack>secretroomsmod:iron_exposing_helmet</itemStack>
		</output>
	</Recipe>
	<Recipe timeRequired="100" power ="10">
		<input>
			<itemStack>thaumcraft:void_robe_chest</itemStack>
			<oreDict>gemDiamond</oreDict>
			<itemStack>advancedrocketry:pressureTank 1 3</itemStack>
		</input>
		<output>
			<itemStack>thaumcraft:void_robe_chest</itemStack>
		</output>
	</Recipe>
	<Recipe timeRequired="100" power ="10">
		<input>
			<itemStack>mysticalagriculture:supremium_leggings</itemStack>
			<oreDict>gemDiamond</oreDict>
		</input>
		<output>
			<itemStack>mysticalagriculture:supremium_leggings</itemStack>
		</output>
	</Recipe>
	<Recipe timeRequired="100" power ="10">
		<input>
			<itemStack>mekanismtools:ObsidianChestplate</itemStack>
			<oreDict>gemDiamond</oreDict>
			<itemStack>advancedrocketry:pressureTank 1 3</itemStack>
		</input>
		<output>
			<itemStack>mekanismtools:ObsidianChestplate</itemStack>
		</output>
	</Recipe>
	<Recipe timeRequired="100" power ="10">
		<input>
			<itemStack>mekanismtools:GlowstoneBoots</itemStack>
			<oreDict>gemDiamond</oreDict>
		</input>
		<output>
			<itemStack>mekanismtools:GlowstoneBoots</itemStack>
		</output>
	</Recipe>
	<Recipe timeRequired="100" power ="10">
		<input>
			<itemStack>actuallyadditions:itemHelmQuartz</itemStack>
			<oreDict>gemDiamond</oreDict>
		</input>
		<output>
			<itemStack>actuallyadditions:itemHelmQuartz</itemStack>
		</output>
	</Recipe>
	<Recipe timeRequired="100" power ="10">
		<input>
			<itemStack>biomesoplenty:mud_helmet</itemStack>
			<oreDict>gemDiamond</oreDict>
		</input>
		<output>
			<itemStack>biomesoplenty:mud_helmet</itemStack>
		</output>
	</Recipe>
	<Recipe timeRequired="100" power ="10">
		<input>
			<itemStack>mysticalagriculture:supremium_chestplate_strength</itemStack>
			<oreDict>gemDiamond</oreDict>
			<itemStack>advancedrocketry:pressureTank 1 3</itemStack>
		</input>
		<output>
			<itemStack>mysticalagriculture:supremium_chestplate_strength</itemStack>
		</output>
	</Recipe>
	<Recipe timeRequired="100" power ="10">
		<input>
			<itemStack>mysticalagriculture:supremium_helmet_antivenom</itemStack>
			<oreDict>gemDiamond</oreDict>
		</input>
		<output>
			<itemStack>mysticalagriculture:supremium_helmet_antivenom</itemStack>
		</output>
	</Recipe>
	<Recipe timeRequired="100" power ="10">
		<input>
			<itemStack>thermalfoundation:armor.helmet_steel</itemStack>
			<oreDict>gemDiamond</oreDict>
		</input>
		<output>
			<itemStack>thermalfoundation:armor.helmet_steel</itemStack>
		</output>
	</Recipe>
	<Recipe timeRequired="100" power ="10">
		<input>
			<itemStack>draconicevolution:draconic_helm</itemStack>
			<oreDict>gemDiamond</oreDict>
		</input>
		<output>
			<itemStack>draconicevolution:draconic_helm</itemStack>
		</output>
	</Recipe>
	<Recipe timeRequired="100" power ="10">
		<input>
			<itemStack>mekanismtools:ObsidianBoots</itemStack>
			<oreDict>gemDiamond</oreDict>
		</input>
		<output>
			<itemStack>mekanismtools:ObsidianBoots</itemStack>
		</output>
	</Recipe>
	<Recipe timeRequired="100" power ="10">
		<input>
			<itemStack>mysticalagriculture:supremium_chestplate</itemStack>
			<oreDict>gemDiamond</oreDict>
			<itemStack>advancedrocketry:pressureTank 1 3</itemStack>
		</input>
		<output>
			<itemStack>mysticalagriculture:supremium_chestplate</itemStack>
		</output>
	</Recipe>
	<Recipe timeRequired="100" power ="10">
		<input>
			<itemStack>actuallyadditions:itemBootsObsidian</itemStack>
			<oreDict>gemDiamond</oreDict>
		</input>
		<output>
			<itemStack>actuallyadditions:itemBootsObsidian</itemStack>
		</output>
	</Recipe>
	<Recipe timeRequired="100" power ="10">
		<input>
			<itemStack>mekanismtools:LapisLazuliBoots</itemStack>
			<oreDict>gemDiamond</oreDict>
		</input>
		<output>
			<itemStack>mekanismtools:LapisLazuliBoots</itemStack>
		</output>
	</Recipe>
	<Recipe timeRequired="100" power ="10">
		<input>
			<itemStack>thermalfoundation:armor.boots_bronze</itemStack>
			<oreDict>gemDiamond</oreDict>
		</input>
		<output>
			<itemStack>thermalfoundation:armor.boots_bronze</itemStack>
		</output>
	</Recipe>
	<Recipe timeRequired="100" power ="10">
		<input>
			<itemStack>biomesoplenty:exotic_flower_band</itemStack>
			<oreDict>gemDiamond</oreDict>
		</input>
		<output>
			<itemStack>biomesoplenty:exotic_flower_band</itemStack>
		</output>
	</Recipe>
	<Recipe timeRequired="100" power ="10">
		<input>
			<itemStack>harvestcraft:hardenedleatherbootsitem</itemStack>
			<oreDict>gemDiamond</oreDict>
		</input>
		<output>
			<itemStack>harvestcraft:hardenedleatherbootsitem</itemStack>
		</output>
	</Recipe>
	<Recipe timeRequired="100" power ="10">
		<input>
			<itemStack>thaumcraft:crimson_robe_legs</itemStack>
			<oreDict>gemDiamond</oreDict>
		</input>
		<output>
			<itemStack>thaumcraft:crimson_robe_legs</itemStack>
		</output>
	</Recipe>
	<Recipe timeRequired="100" power ="10">
		<input>
			<itemStack>mysticalagriculture:intermedium_boots</itemStack>
			<oreDict>gemDiamond</oreDict>
		</input>
		<output>
			<itemStack>mysticalagriculture:intermedium_boots</itemStack>
		</output>
	</Recipe>
	<Recipe timeRequired="100" power ="10">
		<input>
			<itemStack>forestry:apiaristLegs</itemStack>
			<oreDict>gemDiamond</oreDict>
		</input>
		<output>
			<itemStack>forestry:apiaristLegs</itemStack>
		</output>
	</Recipe>
	<Recipe timeRequired="100" power ="10">
		<input>
			<itemStack>mysticalagriculture:superium_chestplate</itemStack>
			<oreDict>gemDiamond</oreDict>
			<itemStack>advancedrocketry:pressureTank 1 3</itemStack>
		</input>
		<output>
			<itemStack>mysticalagriculture:superium_chestplate</itemStack>
		</output>
	</Recipe>
	<Recipe timeRequired="100" power ="10">
		<input>
			<itemStack>sleepingbag:sleepingbag</itemStack>
			<oreDict>gemDiamond</oreDict>
			<itemStack>advancedrocketry:pressureTank 1 3</itemStack>
		</input>
		<output>
			<itemStack>sleepingbag:sleepingbag</itemStack>
		</output>
	</Recipe>
	<Recipe timeRequired="100" power ="10">
		<input>
			<itemStack>mysticalagriculture:supremium_helmet_nightvision</itemStack>
			<oreDict>gemDiamond</oreDict>
		</input>
		<output>
			<itemStack>mysticalagriculture:supremium_helmet_nightvision</itemStack>
		</output>
	</Recipe>
	<Recipe timeRequired="100" power ="10">
		<input>
			<itemStack>thermalfoundation:armor.legs_constantan</itemStack>
			<oreDict>gemDiamond</oreDict>
		</input>
		<output>
			<itemStack>thermalfoundation:armor.legs_constantan</itemStack>
		</output>
	</Recipe>
	<Recipe timeRequired="100" power ="10">
		<input>
			<itemStack>mekanismtools:OsmiumChestplate</itemStack>
			<oreDict>gemDiamond</oreDict>
			<itemStack>advancedrocketry:pressureTank 1 3</itemStack>
		</input>
		<output>
			<itemStack>mekanismtools:OsmiumChestplate</itemStack>
		</output>
	</Recipe>
	<Recipe timeRequired="100" power ="10">
		<input>
			<itemStack>techreborn:lithiumBatpack</itemStack>
			<oreDict>gemDiamond</oreDict>
			<itemStack>advancedrocketry:pressureTank 1 3</itemStack>
		</input>
		<output>
			<itemStack>techreborn:lithiumBatpack</itemStack>
		</output>
	</Recipe>
	<Recipe timeRequired="100" power ="10">
		<input>
			<itemStack>mysticalagriculture:supremium_leggings_antivenom</itemStack>
			<oreDict>gemDiamond</oreDict>
		</input>
		<output>
			<itemStack>mysticalagriculture:supremium_leggings_antivenom</itemStack>
		</output>
	</Recipe>
	<Recipe timeRequired="100" power ="10">
		<input>
			<itemStack>thaumcraft:goggles</itemStack>
			<oreDict>gemDiamond</oreDict>
		</input>
		<output>
			<itemStack>thaumcraft:goggles</itemStack>
		</output>
	</Recipe>
	<Recipe timeRequired="100" power ="10">
		<input>
			<itemStack>techreborn:cloakingdevice</itemStack>
			<oreDict>gemDiamond</oreDict>
			<itemStack>advancedrocketry:pressureTank 1 3</itemStack>
		</input>
		<output>
			<itemStack>techreborn:cloakingdevice</itemStack>
		</output>
	</Recipe>
	<Recipe timeRequired="100" power ="10">
		<input>
			<itemStack>mysticalagriculture:supremium_helmet_fire</itemStack>
			<oreDict>gemDiamond</oreDict>
		</input>
		<output>
			<itemStack>mysticalagriculture:supremium_helmet_fire</itemStack>
		</output>
	</Recipe>
	<Recipe timeRequired="100" power ="10">
		<input>
			<itemStack>thermalfoundation:armor.legs_silver</itemStack>
			<oreDict>gemDiamond</oreDict>
		</input>
		<output>
			<itemStack>thermalfoundation:armor.legs_silver</itemStack>
		</output>
	</Recipe>
	<Recipe timeRequired="100" power ="10">
		<input>
			<itemStack>mekanismtools:BronzeHelmet</itemStack>
			<oreDict>gemDiamond</oreDict>
		</input>
		<output>
			<itemStack>mekanismtools:BronzeHelmet</itemStack>
		</output>
	</Recipe>
	<Recipe timeRequired="100" power ="10">
		<input>
			<itemStack>thaumcraft:fortress_legs</itemStack>
			<oreDict>gemDiamond</oreDict>
		</input>
		<output>
			<itemStack>thaumcraft:fortress_legs</itemStack>
		</output>
	</Recipe>
	<Recipe timeRequired="100" power ="10">
		<input>
			<itemStack>railcraft:armor_goggles</itemStack>
			<oreDict>gemDiamond</oreDict>
		</input>
		<output>
			<itemStack>railcraft:armor_goggles</itemStack>
		</output>
	</Recipe>
	<Recipe timeRequired="100" power ="10">
		<input>
			<itemStack>projectred-exploration:ruby_helmet</itemStack>
			<oreDict>gemDiamond</oreDict>
		</input>
		<output>
			<itemStack>projectred-exploration:ruby_helmet</itemStack>
		</output>
	</Recipe>
	<Recipe timeRequired="100" power ="10">
		<input>
			<itemStack>mysticalagriculture:inferium_chestplate</itemStack>
			<oreDict>gemDiamond</oreDict>
			<itemStack>advancedrocketry:pressureTank 1 3</itemStack>
		</input>
		<output>
			<itemStack>mysticalagriculture:inferium_chestplate</itemStack>
		</output>
	</Recipe>
	<Recipe timeRequired="100" power ="10">
		<input>
			<itemStack>actuallyadditions:itemChestObsidian</itemStack>
			<oreDict>gemDiamond</oreDict>
			<itemStack>advancedrocketry:pressureTank 1 3</itemStack>
		</input>
		<output>
			<itemStack>actuallyadditions:itemChestObsidian</itemStack>
		</output>
	</Recipe>
	<Recipe timeRequired="100" power ="10">
		<input>
			<itemStack>actuallyadditions:itemChestCrystalWhite</itemStack>
			<oreDict>gemDiamond</oreDict>
			<itemStack>advancedrocketry:pressureTank 1 3</itemStack>
		</input>
		<output>
			<itemStack>actuallyadditions:itemChestCrystalWhite</itemStack>
		</output>
	</Recipe>
	<Recipe timeRequired="100" power ="10">
		<input>
			<itemStack>thaumcraft:cloth_boots</itemStack>
			<oreDict>gemDiamond</oreDict>
		</input>
		<output>
			<itemStack>thaumcraft:cloth_boots</itemStack>
		</output>
	</Recipe>
	<Recipe timeRequired="100" power ="10">
		<input>
			<itemStack>mysticalagriculture:supremium_leggings_fire</itemStack>
			<oreDict>gemDiamond</oreDict>
		</input>
		<output>
			<itemStack>mysticalagriculture:supremium_leggings_fire</itemStack>
		</output>
	</Recipe>
	<Recipe timeRequired="100" power ="10">
		<input>
			<itemStack>draconicevolution:wyvern_helm</itemStack>
			<oreDict>gemDiamond</oreDict>
		</input>
		<output>
			<itemStack>draconicevolution:wyvern_helm</itemStack>
		</output>
	</Recipe>
	<Recipe timeRequired="100" power ="10">
		<input>
			<itemStack>aquaculture:neptunium_boots</itemStack>
			<oreDict>gemDiamond</oreDict>
		</input>
		<output>
			<itemStack>aquaculture:neptunium_boots</itemStack>
		</output>
	</Recipe>
	<Recipe timeRequired="100" power ="10">
		<input>
			<itemStack>mekanismtools:SteelChestplate</itemStack>
			<oreDict>gemDiamond</oreDict>
			<itemStack>advancedrocketry:pressureTank 1 3</itemStack>
		</input>
		<output>
			<itemStack>mekanismtools:SteelChestplate</itemStack>
		</output>
	</Recipe>
	<Recipe timeRequired="100" power ="10">
		<input>
			<itemStack>enderio:darkSteel_chestplate</itemStack>
			<oreDict>gemDiamond</oreDict>
			<itemStack>advancedrocketry:pressureTank 1 3</itemStack>
		</input>
		<output>
			<itemStack>enderio:darkSteel_chestplate</itemStack>
		</output>
	</Recipe>
	<Recipe timeRequired="100" power ="10">
		<input>
			<itemStack>actuallyadditions:itemHelmCrystalLightBlue</itemStack>
			<oreDict>gemDiamond</oreDict>
		</input>
		<output>
			<itemStack>actuallyadditions:itemHelmCrystalLightBlue</itemStack>
		</output>
	</Recipe>
	<Recipe timeRequired="100" power ="10">
		<input>
			<itemStack>botania:terrasteelChest</itemStack>
			<oreDict>gemDiamond</oreDict>
			<itemStack>advancedrocketry:pressureTank 1 3</itemStack>
		</input>
		<output>
			<itemStack>botania:terrasteelChest</itemStack>
		</output>
	</Recipe>
	<Recipe timeRequired="100" power ="10">
		<input>
			<itemStack>mysticalagriculture:supremium_leggings_absorption</itemStack>
			<oreDict>gemDiamond</oreDict>
		</input>
		<output>
			<itemStack>mysticalagriculture:supremium_leggings_absorption</itemStack>
		</output>
	</Recipe>
	<Recipe timeRequired="100" power ="10">
		<input>
			<itemStack>rccosmetic:train_operator_chest</itemStack>
			<oreDict>gemDiamond</oreDict>
			<itemStack>advancedrocketry:pressureTank 1 3</itemStack>
		</input>
		<output>
			<itemStack>rccosmetic:train_operator_chest</itemStack>
		</output>
	</Recipe>
	<Recipe timeRequired="100" power ="10">
		<input>
			<itemStack>actuallyadditions:itemBootsCrystalRed</itemStack>
			<oreDict>gemDiamond</oreDict>
		</input>
		<output>
			<itemStack>actuallyadditions:itemBootsCrystalRed</itemStack>
		</output>
	</Recipe>
	<Recipe timeRequired="100" power ="10">
		<input>
			<itemStack>thermalfoundation:armor.plate_nickel</itemStack>
			<oreDict>gemDiamond</oreDict>
			<itemStack>advancedrocketry:pressureTank 1 3</itemStack>
		</input>
		<output>
			<itemStack>thermalfoundation:armor.plate_nickel</itemStack>
		</output>
	</Recipe>
	<Recipe timeRequired="100" power ="10">
		<input>
			<itemStack>botania:manaweaveBoots</itemStack>
			<oreDict>gemDiamond</oreDict>
		</input>
		<output>
			<itemStack>botania:manaweaveBoots</itemStack>
		</output>
	</Recipe>
	<Recipe timeRequired="100" power ="10">
		<input>
			<itemStack>botania:terrasteelHelm</itemStack>
			<oreDict>gemDiamond</oreDict>
		</input>
		<output>
			<itemStack>botania:terrasteelHelm</itemStack>
		</output>
	</Recipe>
	<Recipe timeRequired="100" power ="10">
		<input>
			<itemStack>immersiveengineering:earmuffs</itemStack>
			<oreDict>gemDiamond</oreDict>
		</input>
		<output>
			<itemStack>immersiveengineering:earmuffs</itemStack>
		</output>
	</Recipe>
	<Recipe timeRequired="100" power ="10">
		<input>
			<itemStack>mekanismtools:LapisLazuliHelmet</itemStack>
			<oreDict>gemDiamond</oreDict>
		</input>
		<output>
			<itemStack>mekanismtools:LapisLazuliHelmet</itemStack>
		</output>
	</Recipe>
	<Recipe timeRequired="100" power ="10">
		<input>
			<itemStack>minecraft:iron_leggings</itemStack>
			<oreDict>gemDiamond</oreDict>
		</input>
		<output>
			<itemStack>minecraft:iron_leggings</itemStack>
		</output>
	</Recipe>
	<Recipe timeRequired="100" power ="10">
		<input>
			<itemStack>thermalfoundation:armor.legs_nickel</itemStack>
			<oreDict>gemDiamond</oreDict>
		</input>
		<output>
			<itemStack>thermalfoundation:armor.legs_nickel</itemStack>
		</output>
	</Recipe>
	<Recipe timeRequired="100" power ="10">
		<input>
			<itemStack>quark:witch_hat</itemStack>
			<oreDict>gemDiamond</oreDict>
		</input>
		<output>
			<itemStack>quark:witch_hat</itemStack>
		</output>
	</Recipe>
	<Recipe timeRequired="100" power ="10">
		<input>
			<itemStack>botania:manasteelChest</itemStack>
			<oreDict>gemDiamond</oreDict>
			<itemStack>advancedrocketry:pressureTank 1 3</itemStack>
		</input>
		<output>
			<itemStack>botania:manasteelChest</itemStack>
		</output>
	</Recipe>
	<Recipe timeRequired="100" power ="10">
		<input>
			<itemStack>actuallyadditions:itemHelmCrystalBlack</itemStack>
			<oreDict>gemDiamond</oreDict>
		</input>
		<output>
			<itemStack>actuallyadditions:itemHelmCrystalBlack</itemStack>
		</output>
	</Recipe>
	<Recipe timeRequired="100" power ="10">
		<input>
			<itemStack>mekanismtools:GlowstoneHelmet</itemStack>
			<oreDict>gemDiamond</oreDict>
		</input>
		<output>
			<itemStack>mekanismtools:GlowstoneHelmet</itemStack>
		</output>
	</Recipe>
	<Recipe timeRequired="100" power ="10">
		<input>
			<itemStack>thermalfoundation:armor.helmet_invar</itemStack>
			<oreDict>gemDiamond</oreDict>
		</input>
		<output>
			<itemStack>thermalfoundation:armor.helmet_invar</itemStack>
		</output>
	</Recipe>
	<Recipe timeRequired="100" power ="10">
		<input>
			<itemStack>actuallyadditions:itemBootsQuartz</itemStack>
			<oreDict>gemDiamond</oreDict>
		</input>
		<output>
			<itemStack>actuallyadditions:itemBootsQuartz</itemStack>
		</output>
	</Recipe>
	<Recipe timeRequired="100" power ="10">
		<input>
			<itemStack>thermalfoundation:armor.helmet_lead</itemStack>
			<oreDict>gemDiamond</oreDict>
		</input>
		<output>
			<itemStack>thermalfoundation:armor.helmet_lead</itemStack>
		</output>
	</Recipe>
	<Recipe timeRequired="100" power ="10">
		<input>
			<itemStack>mekanismtools:SteelHelmet</itemStack>
			<oreDict>gemDiamond</oreDict>
		</input>
		<output>
			<itemStack>mekanismtools:SteelHelmet</itemStack>
		</output>
	</Recipe>
	<Recipe timeRequired="100" power ="10">
		<input>
			<itemStack>projectred-exploration:sapphire_leggings</itemStack>
			<oreDict>gemDiamond</oreDict>
		</input>
		<output>
			<itemStack>projectred-exploration:sapphire_leggings</itemStack>
		</output>
	</Recipe>
	<Recipe timeRequired="100" power ="10">
		<input>
			<itemStack>thermalfoundation:armor.helmet_constantan</itemStack>
			<oreDict>gemDiamond</oreDict>
		</input>
		<output>
			<itemStack>thermalfoundation:armor.helmet_constantan</itemStack>
		</output>
	</Recipe>
	<Recipe timeRequired="100" power ="10">
		<input>
			<itemStack>thermalfoundation:armor.boots_constantan</itemStack>
			<oreDict>gemDiamond</oreDict>
		</input>
		<output>
			<itemStack>thermalfoundation:armor.boots_constantan</itemStack>
		</output>
	</Recipe>
	<Recipe timeRequired="100" power ="10">
		<input>
			<itemStack>thaumcraft:crimson_boots</itemStack>
			<oreDict>gemDiamond</oreDict>
		</input>
		<output>
			<itemStack>thaumcraft:crimson_boots</itemStack>
		</output>
	</Recipe>
	<Recipe timeRequired="100" power ="10">
		<input>
			<itemStack>botania:manasteelHelm</itemStack>
			<oreDict>gemDiamond</oreDict>
		</input>
		<output>
			<itemStack>botania:manasteelHelm</itemStack>
		</output>
	</Recipe>
	<Recipe timeRequired="100" power ="10">
		<input>
			<itemStack>randomthings:magicHood</itemStack>
			<oreDict>gemDiamond</oreDict>
		</input>
		<output>
			<itemStack>randomthings:magicHood</itemStack>
		</output>
	</Recipe>
	<Recipe timeRequired="100" power ="10">
		<input>
			<itemStack>thaumcraft:void_helm</itemStack>
			<oreDict>gemDiamond</oreDict>
		</input>
		<output>
			<itemStack>thaumcraft:void_helm</itemStack>
		</output>
	</Recipe>
	<Recipe timeRequired="100" power ="10">
		<input>
			<itemStack>projectred-exploration:ruby_boots</itemStack>
			<oreDict>gemDiamond</oreDict>
		</input>
		<output>
			<itemStack>projectred-exploration:ruby_boots</itemStack>
		</output>
	</Recipe>
	<Recipe timeRequired="100" power ="10">
		<input>
			<itemStack>actuallyadditions:itemChestCrystalLightBlue</itemStack>
			<oreDict>gemDiamond</oreDict>
			<itemStack>advancedrocketry:pressureTank 1 3</itemStack>
		</input>
		<output>
			<itemStack>actuallyadditions:itemChestCrystalLightBlue</itemStack>
		</output>
	</Recipe>
	<Recipe timeRequired="100" power ="10">
		<input>
			<itemStack>immersiveengineering:faradaySuit_head</itemStack>
			<oreDict>gemDiamond</oreDict>
		</input>
		<output>
			<itemStack>immersiveengineering:faradaySuit_head</itemStack>
		</output>
	</Recipe>
	<Recipe timeRequired="100" power ="10">
		<input>
			<itemStack>minecraft:leather_leggings</itemStack>
			<oreDict>gemDiamond</oreDict>
		</input>
		<output>
			<itemStack>minecraft:leather_leggings</itemStack>
		</output>
	</Recipe>
	<Recipe timeRequired="100" power ="10">
		<input>
			<itemStack>tconstruct:piggybackpack</itemStack>
			<oreDict>gemDiamond</oreDict>
			<itemStack>advancedrocketry:pressureTank 1 3</itemStack>
		</input>
		<output>
			<itemStack>tconstruct:piggybackpack</itemStack>
		</output>
	</Recipe>
	<Recipe timeRequired="100" power ="10">
		<input>
			<itemStack>thaumcraft:traveller_boots</itemStack>
			<oreDict>gemDiamond</oreDict>
		</input>
		<output>
			<itemStack>thaumcraft:traveller_boots</itemStack>
		</output>
	</Recipe>
	<Recipe timeRequired="100" power ="10">
		<input>
			<itemStack>randomthings:lavaWader</itemStack>
			<oreDict>gemDiamond</oreDict>
		</input>
		<output>
			<itemStack>randomthings:lavaWader</itemStack>
		</output>
	</Recipe>
	<Recipe timeRequired="100" power ="10">
		<input>
			<itemStack>thaumcraft:thaumium_chest</itemStack>
			<oreDict>gemDiamond</oreDict>
			<itemStack>advancedrocketry:pressureTank 1 3</itemStack>
		</input>
		<output>
			<itemStack>thaumcraft:thaumium_chest</itemStack>
		</output>
	</Recipe>
	<Recipe timeRequired="100" power ="10">
		<input>
			<itemStack>thermalfoundation:armor.legs_lead</itemStack>
			<oreDict>gemDiamond</oreDict>
		</input>
		<output>
			<itemStack>thermalfoundation:armor.legs_lead</itemStack>
		</output>
	</Recipe>
	<Recipe timeRequired="100" power ="10">
		<input>
			<itemStack>thermalfoundation:armor.boots_steel</itemStack>
			<oreDict>gemDiamond</oreDict>
		</input>
		<output>
			<itemStack>thermalfoundation:armor.boots_steel</itemStack>
		</output>
	</Recipe>
	<Recipe timeRequired="100" power ="10">
		<input>
			<itemStack>mysticalagriculture:supremium_helmet_absorption</itemStack>
			<oreDict>gemDiamond</oreDict>
		</input>
		<output>
			<itemStack>mysticalagriculture:supremium_helmet_absorption</itemStack>
		</output>
	</Recipe>
	<Recipe timeRequired="100" power ="10">
		<input>
			<itemStack>mekanism:FreeRunners</itemStack>
			<oreDict>gemDiamond</oreDict>
		</input>
		<output>
			<itemStack>mekanism:FreeRunners</itemStack>
		</output>
	</Recipe>
	<Recipe timeRequired="100" power ="10">
		<input>
			<itemStack>immersiveengineering:faradaySuit_legs</itemStack>
			<oreDict>gemDiamond</oreDict>
		</input>
		<output>
			<itemStack>immersiveengineering:faradaySuit_legs</itemStack>
		</output>
	</Recipe>
	<Recipe timeRequired="100" power ="10">
		<input>
			<itemStack>thermalfoundation:armor.legs_invar</itemStack>
			<oreDict>gemDiamond</oreDict>
		</input>
		<output>
			<itemStack>thermalfoundation:armor.legs_invar</itemStack>
		</output>
	</Recipe>
	<Recipe timeRequired="100" power ="10">
		<input>
			<itemStack>biomesoplenty:plain_flower_band</itemStack>
			<oreDict>gemDiamond</oreDict>
		</input>
		<output>
			<itemStack>biomesoplenty:plain_flower_band</itemStack>
		</output>
	</Recipe>
	<Recipe timeRequired="100" power ="10">
		<input>
			<itemStack>mysticalagriculture:supremium_chestplate_resistance</itemStack>
			<oreDict>gemDiamond</oreDict>
			<itemStack>advancedrocketry:pressureTank 1 3</itemStack>
		</input>
		<output>
			<itemStack>mysticalagriculture:supremium_chestplate_resistance</itemStack>
		</output>
	</Recipe>
	<Recipe timeRequired="100" power ="10">
		<input>
			<itemStack>railcraft:armor_helmet_steel</itemStack>
			<oreDict>gemDiamond</oreDict>
		</input>
		<output>
			<itemStack>railcraft:armor_helmet_steel</itemStack>
		</output>
	</Recipe>
	<Recipe timeRequired="100" power ="10">
		<input>
			<itemStack>projectred-exploration:peridot_chestplate</itemStack>
			<oreDict>gemDiamond</oreDict>
			<itemStack>advancedrocketry:pressureTank 1 3</itemStack>
		</input>
		<output>
			<itemStack>projectred-exploration:peridot_chestplate</itemStack>
		</output>
	</Recipe>
	<Recipe timeRequired="100" power ="10">
		<input>
			<itemStack>thermalfoundation:armor.helmet_tin</itemStack>
			<oreDict>gemDiamond</oreDict>
		</input>
		<output>
			<itemStack>thermalfoundation:armor.helmet_tin</itemStack>
		</output>
	</Recipe>
	<Recipe timeRequired="100" power ="10">
		<input>
			<itemStack>mysticalagriculture:supremium_leggings_wither</itemStack>
			<oreDict>gemDiamond</oreDict>
		</input>
		<output>
			<itemStack>mysticalagriculture:supremium_leggings_wither</itemStack>
		</output>
	</Recipe>
	<Recipe timeRequired="100" power ="10">
		<input>
			<itemStack>aquaculture:neptunium_helmet</itemStack>
			<oreDict>gemDiamond</oreDict>
		</input>
		<output>
			<itemStack>aquaculture:neptunium_helmet</itemStack>
		</output>
	</Recipe>
	<Recipe timeRequired="100" power ="10">
		<input>
			<itemStack>thermalfoundation:armor.plate_platinum</itemStack>
			<oreDict>gemDiamond</oreDict>
			<itemStack>advancedrocketry:pressureTank 1 3</itemStack>
		</input>
		<output>
			<itemStack>thermalfoundation:armor.plate_platinum</itemStack>
		</output>
	</Recipe>
	<Recipe timeRequired="100" power ="10">
		<input>
			<itemStack>thermalfoundation:armor.plate_lead</itemStack>
			<oreDict>gemDiamond</oreDict>
			<itemStack>advancedrocketry:pressureTank 1 3</itemStack>
		</input>
		<output>
			<itemStack>thermalfoundation:armor.plate_lead</itemStack>
		</output>
	</Recipe>
	<Recipe timeRequired="100" power ="10">
		<input>
			<itemStack>thaumcraft:cloth_legs</itemStack>
			<oreDict>gemDiamond</oreDict>
		</input>
		<output>
			<itemStack>thaumcraft:cloth_legs</itemStack>
		</output>
	</Recipe>
	<Recipe timeRequired="100" power ="10">
		<input>
			<itemStack>thermalfoundation:armor.boots_lead</itemStack>
			<oreDict>gemDiamond</oreDict>
		</input>
		<output>
			<itemStack>thermalfoundation:armor.boots_lead</itemStack>
		</output>
	</Recipe>
	<Recipe timeRequired="100" power ="10">
		<input>
			<itemStack>thaumcraft:crimson_robe_helm</itemStack>
			<oreDict>gemDiamond</oreDict>
		</input>
		<output>
			<itemStack>thaumcraft:crimson_robe_helm</itemStack>
		</output>
	</Recipe>
	<Recipe timeRequired="100" power ="10">
		<input>
			<itemStack>mysticalagriculture:inferium_boots</itemStack>
			<oreDict>gemDiamond</oreDict>
		</input>
		<output>
			<itemStack>mysticalagriculture:inferium_boots</itemStack>
		</output>
	</Recipe>
	<Recipe timeRequired="100" power ="10">
		<input>
			<itemStack>biomesoplenty:mud_leggings</itemStack>
			<oreDict>gemDiamond</oreDict>
		</input>
		<output>
			<itemStack>biomesoplenty:mud_leggings</itemStack>
		</output>
	</Recipe>
	<Recipe timeRequired="100" power ="10">
		<input>
			<itemStack>railcraft:armor_leggings_steel</itemStack>
			<oreDict>gemDiamond</oreDict>
		</input>
		<output>
			<itemStack>railcraft:armor_leggings_steel</itemStack>
		</output>
	</Recipe>
	<Recipe timeRequired="100" power ="10">
		<input>
			<itemStack>rccosmetic:train_operator_legs</itemStack>
			<oreDict>gemDiamond</oreDict>
		</input>
		<output>
			<itemStack>rccosmetic:train_operator_legs</itemStack>
		</output>
	</Recipe>
	<Recipe timeRequired="100" power ="10">
		<input>
			<itemStack>thermalfoundation:armor.legs_copper</itemStack>
			<oreDict>gemDiamond</oreDict>
		</input>
		<output>
			<itemStack>thermalfoundation:armor.legs_copper</itemStack>
		</output>
	</Recipe>
	<Recipe timeRequired="100" power ="10">
		<input>
			<itemStack>minecraft:iron_helmet</itemStack>
			<oreDict>gemDiamond</oreDict>
		</input>
		<output>
			<itemStack>minecraft:iron_helmet</itemStack>
		</output>
	</Recipe>
	<Recipe timeRequired="100" power ="10">
		<input>
			<itemStack>thermalfoundation:armor.helmet_bronze</itemStack>
			<oreDict>gemDiamond</oreDict>
		</input>
		<output>
			<itemStack>thermalfoundation:armor.helmet_bronze</itemStack>
		</output>
	</Recipe>
	<Recipe timeRequired="100" power ="10">
		<input>
			<itemStack>biomesoplenty:flippers</itemStack>
			<oreDict>gemDiamond</oreDict>
		</input>
		<output>
			<itemStack>biomesoplenty:flippers</itemStack>
		</output>
	</Recipe>
	<Recipe timeRequired="100" power ="10">
		<input>
			<itemStack>minecraft:iron_chestplate</itemStack>
			<oreDict>gemDiamond</oreDict>
			<itemStack>advancedrocketry:pressureTank 1 3</itemStack>
		</input>
		<output>
			<itemStack>minecraft:iron_chestplate</itemStack>
		</output>
	</Recipe>
	<Recipe timeRequired="100" power ="10">
		<input>
			<itemStack>thermalfoundation:armor.legs_tin</itemStack>
			<oreDict>gemDiamond</oreDict>
		</input>
		<output>
			<itemStack>thermalfoundation:armor.legs_tin</itemStack>
		</output>
	</Recipe>
	<Recipe timeRequired="100" power ="10">
		<input>
			<itemStack>randomthings:obsidianWaterWalkingBoots</itemStack>
			<oreDict>gemDiamond</oreDict>
		</input>
		<output>
			<itemStack>randomthings:obsidianWaterWalkingBoots</itemStack>
		</output>
	</Recipe>
	<Recipe timeRequired="100" power ="10">
		<input>
			<itemStack>actuallyadditions:itemBootsCrystalBlack</itemStack>
			<oreDict>gemDiamond</oreDict>
		</input>
		<output>
			<itemStack>actuallyadditions:itemBootsCrystalBlack</itemStack>
		</output>
	</Recipe>
	<Recipe timeRequired="100" power ="10">
		<input>
			<itemStack>thaumcraft:fortress_helm</itemStack>
			<oreDict>gemDiamond</oreDict>
		</input>
		<output>
			<itemStack>thaumcraft:fortress_helm</itemStack>
		</output>
	</Recipe>
	<Recipe timeRequired="100" power ="10">
		<input>
			<itemStack>thaumcraft:void_legs</itemStack>
			<oreDict>gemDiamond</oreDict>
		</input>
		<output>
			<itemStack>thaumcraft:void_legs</itemStack>
		</output>
	</Recipe>
	<Recipe timeRequired="100" power ="10">
		<input>
			<itemStack>mysticalagriculture:supremium_helmet_wither</itemStack>
			<oreDict>gemDiamond</oreDict>
		</input>
		<output>
			<itemStack>mysticalagriculture:supremium_helmet_wither</itemStack>
		</output>
	</Recipe>
	<Recipe timeRequired="100" power ="10">
		<input>
			<itemStack>actuallyadditions:itemChestCrystalRed</itemStack>
			<oreDict>gemDiamond</oreDict>
			<itemStack>advancedrocketry:pressureTank 1 3</itemStack>
		</input>
		<output>
			<itemStack>actuallyadditions:itemChestCrystalRed</itemStack>
		</output>
	</Recipe>
	<Recipe timeRequired="100" power ="10">
		<input>
			<itemStack>thermalfoundation:armor.plate_aluminum</itemStack>
			<oreDict>gemDiamond</oreDict>
			<itemStack>advancedrocketry:pressureTank 1 3</itemStack>
		</input>
		<output>
			<itemStack>thermalfoundation:armor.plate_aluminum</itemStack>
		</output>
	</Recipe>
	<Recipe timeRequired="100" power ="10">
		<input>
			<itemStack>actuallyadditions:itemBootsCrystalBlue</itemStack>
			<oreDict>gemDiamond</oreDict>
		</input>
		<output>
			<itemStack>actuallyadditions:itemBootsCrystalBlue</itemStack>
		</output>
	</Recipe>
	<Recipe timeRequired="100" power ="10">
		<input>
			<itemStack>mysticalagriculture:prudentium_helmet</itemStack>
			<oreDict>gemDiamond</oreDict>
		</input>
		<output>
			<itemStack>mysticalagriculture:prudentium_helmet</itemStack>
		</output>
	</Recipe>
	<Recipe timeRequired="100" power ="10">
		<input>
			<itemStack>mekanism:ArmoredJetpack</itemStack>
			<oreDict>gemDiamond</oreDict>
			<itemStack>advancedrocketry:pressureTank 1 3</itemStack>
		</input>
		<output>
			<itemStack>mekanism:ArmoredJetpack</itemStack>
		</output>
	</Recipe>
	<Recipe timeRequired="100" power ="10">
		<input>
			<itemStack>thaumcraft:crimson_praetor_legs</itemStack>
			<oreDict>gemDiamond</oreDict>
		</input>
		<output>
			<itemStack>thaumcraft:crimson_praetor_legs</itemStack>
		</output>
	</Recipe>
	<Recipe timeRequired="100" power ="10">
		<input>
			<itemStack>thermalfoundation:armor.plate_tin</itemStack>
			<oreDict>gemDiamond</oreDict>
			<itemStack>advancedrocketry:pressureTank 1 3</itemStack>
		</input>
		<output>
			<itemStack>thermalfoundation:armor.plate_tin</itemStack>
		</output>
	</Recipe>
	<Recipe timeRequired="100" power ="10">
		<input>
			<itemStack>thermalfoundation:armor.plate_bronze</itemStack>
			<oreDict>gemDiamond</oreDict>
			<itemStack>advancedrocketry:pressureTank 1 3</itemStack>
		</input>
		<output>
			<itemStack>thermalfoundation:armor.plate_bronze</itemStack>
		</output>
	</Recipe>
	<Recipe timeRequired="100" power ="10">
		<input>
			<itemStack>rccosmetic:train_operator_cap</itemStack>
			<oreDict>gemDiamond</oreDict>
		</input>
		<output>
			<itemStack>rccosmetic:train_operator_cap</itemStack>
		</output>
	</Recipe>
	<Recipe timeRequired="100" power ="10">
		<input>
			<itemStack>natura:imp_armor_chestplate</itemStack>
			<oreDict>gemDiamond</oreDict>
			<itemStack>advancedrocketry:pressureTank 1 3</itemStack>
		</input>
		<output>
			<itemStack>natura:imp_armor_chestplate</itemStack>
		</output>
	</Recipe>
	<Recipe timeRequired="100" power ="10">
		<input>
			<itemStack>thaumcraft:thaumium_legs</itemStack>
			<oreDict>gemDiamond</oreDict>
		</input>
		<output>
			<itemStack>thaumcraft:thaumium_legs</itemStack>
		</output>
	</Recipe>
	<Recipe timeRequired="100" power ="10">
		<input>
			<itemStack>projectred-exploration:ruby_chestplate</itemStack>
			<oreDict>gemDiamond</oreDict>
			<itemStack>advancedrocketry:pressureTank 1 3</itemStack>
		</input>
		<output>
			<itemStack>projectred-exploration:ruby_chestplate</itemStack>
		</output>
	</Recipe>
	<Recipe timeRequired="100" power ="10">
		<input>
			<itemStack>actuallyadditions:itemHelmCrystalWhite</itemStack>
			<oreDict>gemDiamond</oreDict>
		</input>
		<output>
			<itemStack>actuallyadditions:itemHelmCrystalWhite</itemStack>
		</output>
	</Recipe>
	<Recipe timeRequired="100" power ="10">
		<input>
			<itemStack>thaumcraft:crimson_plate_legs</itemStack>
			<oreDict>gemDiamond</oreDict>
		</input>
		<output>
			<itemStack>thaumcraft:crimson_plate_legs</itemStack>
		</output>
	</Recipe>
	<Recipe timeRequired="100" power ="10">
		<input>
			<itemStack>thermalfoundation:armor.boots_electrum</itemStack>
			<oreDict>gemDiamond</oreDict>
		</input>
		<output>
			<itemStack>thermalfoundation:armor.boots_electrum</itemStack>
		</output>
	</Recipe>
	<Recipe timeRequired="100" power ="10">
		<input>
			<itemStack>actuallyadditions:itemPantsCrystalBlue</itemStack>
			<oreDict>gemDiamond</oreDict>
		</input>
		<output>
			<itemStack>actuallyadditions:itemPantsCrystalBlue</itemStack>
		</output>
	</Recipe>
	<Recipe timeRequired="100" power ="10">
		<input>
			<itemStack>mekanism:GasMask</itemStack>
			<oreDict>gemDiamond</oreDict>
		</input>
		<output>
			<itemStack>mekanism:GasMask</itemStack>
		</output>
	</Recipe>
	<Recipe timeRequired="100" power ="10">
		<input>
			<itemStack>thermalfoundation:armor.boots_invar</itemStack>
			<oreDict>gemDiamond</oreDict>
		</input>
		<output>
			<itemStack>thermalfoundation:armor.boots_invar</itemStack>
		</output>
	</Recipe>
	<Recipe timeRequired="100" power ="10">
		<input>
			<itemStack>biomesoplenty:dull_flower_band</itemStack>
			<oreDict>gemDiamond</oreDict>
		</input>
		<output>
			<itemStack>biomesoplenty:dull_flower_band</itemStack>
		</output>
	</Recipe>
	<Recipe timeRequired="100" power ="10">
		<input>
			<itemStack>thermalfoundation:armor.helmet_electrum</itemStack>
			<oreDict>gemDiamond</oreDict>
		</input>
		<output>
			<itemStack>thermalfoundation:armor.helmet_electrum</itemStack>
		</output>
	</Recipe>
	<Recipe timeRequired="100" power ="10">
		<input>
			<itemStack>botania:terrasteelBoots</itemStack>
			<oreDict>gemDiamond</oreDict>
		</input>
		<output>
			<itemStack>botania:terrasteelBoots</itemStack>
		</output>
	</Recipe>
	<Recipe timeRequired="100" power ="10">
		<input>
			<itemStack>rccosmetic:train_operator_boots</itemStack>
			<oreDict>gemDiamond</oreDict>
		</input>
		<output>
			<itemStack>rccosmetic:train_operator_boots</itemStack>
		</output>
	</Recipe>
	<Recipe timeRequired="100" power ="10">
		<input>
			<itemStack>mysticalagriculture:supremium_chestplate_antivenom</itemStack>
			<oreDict>gemDiamond</oreDict>
			<itemStack>advancedrocketry:pressureTank 1 3</itemStack>
		</input>
		<output>
			<itemStack>mysticalagriculture:supremium_chestplate_antivenom</itemStack>
		</output>
	</Recipe>
	<Recipe timeRequired="100" power ="10">
		<input>
			<itemStack>projectred-exploration:peridot_leggings</itemStack>
			<oreDict>gemDiamond</oreDict>
		</input>
		<output>
			<itemStack>projectred-exploration:peridot_leggings</itemStack>
		</output>
	</Recipe>
	<Recipe timeRequired="100" power ="10">
		<input>
			<itemStack>mysticalagriculture:supremium_leggings_speed</itemStack>
			<oreDict>gemDiamond</oreDict>
		</input>
		<output>
			<itemStack>mysticalagriculture:supremium_leggings_speed</itemStack>
		</output>
	</Recipe>
	<Recipe timeRequired="100" power ="10">
		<input>
			<itemStack>actuallyadditions:itemPantsCrystalBlack</itemStack>
			<oreDict>gemDiamond</oreDict>
		</input>
		<output>
			<itemStack>actuallyadditions:itemPantsCrystalBlack</itemStack>
		</output>
	</Recipe>
	<Recipe timeRequired="100" power ="10">
		<input>
			<itemStack>aquaculture:neptunium_leggings</itemStack>
			<oreDict>gemDiamond</oreDict>
		</input>
		<output>
			<itemStack>aquaculture:neptunium_leggings</itemStack>
		</output>
	</Recipe>
	<Recipe timeRequired="100" power ="10">
		<input>
			<itemStack>aquaculture:neptunium_chestplate</itemStack>
			<oreDict>gemDiamond</oreDict>
			<itemStack>advancedrocketry:pressureTank 1 3</itemStack>
		</input>
		<output>
			<itemStack>aquaculture:neptunium_chestplate</itemStack>
		</output>
	</Recipe>
	<Recipe timeRequired="100" power ="10">
		<input>
			<itemStack>mysticalagriculture:supremium_leggings_resistance</itemStack>
			<oreDict>gemDiamond</oreDict>
		</input>
		<output>
			<itemStack>mysticalagriculture:supremium_leggings_resistance</itemStack>
		</output>
	</Recipe>
	<Recipe timeRequired="100" power ="10">
		<input>
			<itemStack>minecraft:diamond_boots</itemStack>
			<oreDict>gemDiamond</oreDict>
		</input>
		<output>
			<itemStack>minecraft:diamond_boots</itemStack>
		</output>
	</Recipe>
	<Recipe timeRequired="100" power ="10">
		<input>
			<itemStack>harvestcraft:hardenedleatherleggingsitem</itemStack>
			<oreDict>gemDiamond</oreDict>
		</input>
		<output>
			<itemStack>harvestcraft:hardenedleatherleggingsitem</itemStack>
		</output>
	</Recipe>
	<Recipe timeRequired="100" power ="10">
		<input>
			<itemStack>mysticalagriculture:intermedium_chestplate</itemStack>
			<oreDict>gemDiamond</oreDict>
			<itemStack>advancedrocketry:pressureTank 1 3</itemStack>
		</input>
		<output>
			<itemStack>mysticalagriculture:intermedium_chestplate</itemStack>
		</output>
	</Recipe>
	<Recipe timeRequired="100" power ="10">
		<input>
			<itemStack>actuallyadditions:itemChestQuartz</itemStack>
			<oreDict>gemDiamond</oreDict>
			<itemStack>advancedrocketry:pressureTank 1 3</itemStack>
		</input>
		<output>
			<itemStack>actuallyadditions:itemChestQuartz</itemStack>
		</output>
	</Recipe>
	<Recipe timeRequired="100" power ="10">
		<input>
			<itemStack>botania:manasteelBoots</itemStack>
			<oreDict>gemDiamond</oreDict>
		</input>
		<output>
			<itemStack>botania:manasteelBoots</itemStack>
		</output>
	</Recipe>
	<Recipe timeRequired="100" power ="10">
		<input>
			<itemStack>thermalfoundation:armor.boots_silver</itemStack>
			<oreDict>gemDiamond</oreDict>
		</input>
		<output>
			<itemStack>thermalfoundation:armor.boots_silver</itemStack>
		</output>
	</Recipe>
	<Recipe timeRequired="100" power ="10">
		<input>
			<itemStack>mysticalagriculture:inferium_leggings</itemStack>
			<oreDict>gemDiamond</oreDict>
		</input>
		<output>
			<itemStack>mysticalagriculture:inferium_leggings</itemStack>
		</output>
	</Recipe>
	<Recipe timeRequired="100" power ="10">
		<input>
			<itemStack>xreliquary:witch_hat</itemStack>
			<oreDict>gemDiamond</oreDict>
		</input>
		<output>
			<itemStack>xreliquary:witch_hat</itemStack>
		</output>
	</Recipe>
	<Recipe timeRequired="100" power ="10">
		<input>
			<itemStack>mekanism:Jetpack</itemStack>
			<oreDict>gemDiamond</oreDict>
			<itemStack>advancedrocketry:pressureTank 1 3</itemStack>
		</input>
		<output>
			<itemStack>mekanism:Jetpack</itemStack>
		</output>
	</Recipe>
	<Recipe timeRequired="100" power ="10">
		<input>
			<itemStack>randomthings:waterWalkingBoots</itemStack>
			<oreDict>gemDiamond</oreDict>
		</input>
		<output>
			<itemStack>randomthings:waterWalkingBoots</itemStack>
		</output>
	</Recipe>
	<Recipe timeRequired="100" power ="10">
		<input>
			<itemStack>minecraft:leather_chestplate</itemStack>
			<oreDict>gemDiamond</oreDict>
			<itemStack>advancedrocketry:pressureTank 1 3</itemStack>
		</input>
		<output>
			<itemStack>minecraft:leather_chestplate</itemStack>
		</output>
	</Recipe>
	<Recipe timeRequired="100" power ="10">
		<input>
			<itemStack>thaumcraft:void_chest</itemStack>
			<oreDict>gemDiamond</oreDict>
			<itemStack>advancedrocketry:pressureTank 1 3</itemStack>
		</input>
		<output>
			<itemStack>thaumcraft:void_chest</itemStack>
		</output>
	</Recipe>
	<Recipe timeRequired="100" power ="10">
		<input>
			<itemStack>mekanismtools:OsmiumHelmet</itemStack>
			<oreDict>gemDiamond</oreDict>
		</input>
		<output>
			<itemStack>mekanismtools:OsmiumHelmet</itemStack>
		</output>
	</Recipe>
	<Recipe timeRequired="100" power ="10">
		<input>
			<itemStack>bibliocraft:BiblioGlasses</itemStack>
			<oreDict>gemDiamond</oreDict>
		</input>
		<output>
			<itemStack>bibliocraft:BiblioGlasses</itemStack>
		</output>
	</Recipe>
	<Recipe timeRequired="100" power ="10">
		<input>
			<itemStack>deepresonance:chest</itemStack>
			<oreDict>gemDiamond</oreDict>
			<itemStack>advancedrocketry:pressureTank 1 3</itemStack>
		</input>
		<output>
			<itemStack>deepresonance:chest</itemStack>
		</output>
	</Recipe>
	<Recipe timeRequired="100" power ="10">
		<input>
			<itemStack>actuallyadditions:itemChestCrystalBlue</itemStack>
			<oreDict>gemDiamond</oreDict>
			<itemStack>advancedrocketry:pressureTank 1 3</itemStack>
		</input>
		<output>
			<itemStack>actuallyadditions:itemChestCrystalBlue</itemStack>
		</output>
	</Recipe>
	<Recipe timeRequired="100" power ="10">
		<input>
			<itemStack>actuallyadditions:itemHelmCrystalGreen</itemStack>
			<oreDict>gemDiamond</oreDict>
		</input>
		<output>
			<itemStack>actuallyadditions:itemHelmCrystalGreen</itemStack>
		</output>
	</Recipe>
	<Recipe timeRequired="100" power ="10">
		<input>
			<itemStack>draconicevolution:wyvern_chest</itemStack>
			<oreDict>gemDiamond</oreDict>
			<itemStack>advancedrocketry:pressureTank 1 3</itemStack>
		</input>
		<output>
			<itemStack>draconicevolution:wyvern_chest</itemStack>
		</output>
	</Recipe>
	<Recipe timeRequired="100" power ="10">
		<input>
			<itemStack>mekanismtools:BronzeBoots</itemStack>
			<oreDict>gemDiamond</oreDict>
		</input>
		<output>
			<itemStack>mekanismtools:BronzeBoots</itemStack>
		</output>
	</Recipe>
	<Recipe timeRequired="100" power ="10">
		<input>
			<itemStack>thermalfoundation:armor.legs_platinum</itemStack>
			<oreDict>gemDiamond</oreDict>
		</input>
		<output>
			<itemStack>thermalfoundation:armor.legs_platinum</itemStack>
		</output>
	</Recipe>
	<Recipe timeRequired="100" power ="10">
		<input>
			<itemStack>mysticalagriculture:supremium_boots_wither</itemStack>
			<oreDict>gemDiamond</oreDict>
		</input>
		<output>
			<itemStack>mysticalagriculture:supremium_boots_wither</itemStack>
		</output>
	</Recipe>
	<Recipe timeRequired="100" power ="10">
		<input>
			<itemStack>theoneprobe:iron_helmet_probe</itemStack>
			<oreDict>gemDiamond</oreDict>
		</input>
		<output>
			<itemStack>theoneprobe:iron_helmet_probe</itemStack>
		</output>
	</Recipe>
	<Recipe timeRequired="100" power ="10">
		<input>
			<itemStack>minecraft:golden_helmet</itemStack>
			<oreDict>gemDiamond</oreDict>
		</input>
		<output>
			<itemStack>minecraft:golden_helmet</itemStack>
		</output>
	</Recipe>
	<Recipe timeRequired="100" power ="10">
		<input>
			<itemStack>actuallyadditions:itemHelmCrystalBlue</itemStack>
			<oreDict>gemDiamond</oreDict>
		</input>
		<output>
			<itemStack>actuallyadditions:itemHelmCrystalBlue</itemStack>
		</output>
	</Recipe>
	<Recipe timeRequired="100" power ="10">
		<input>
			<itemStack>forestry:apiaristChest</itemStack>
			<oreDict>gemDiamond</oreDict>
			<itemStack>advancedrocketry:pressureTank 1 3</itemStack>
		</input>
		<output>
			<itemStack>forestry:apiaristChest</itemStack>
		</output>
	</Recipe>
	<Recipe timeRequired="100" power ="10">
		<input>
			<itemStack>mysticalagriculture:superium_helmet</itemStack>
			<oreDict>gemDiamond</oreDict>
		</input>
		<output>
			<itemStack>mysticalagriculture:superium_helmet</itemStack>
		</output>
	</Recipe>
	<Recipe timeRequired="100" power ="10">
		<input>
			<itemStack>railcraft:armor_overalls</itemStack>
			<oreDict>gemDiamond</oreDict>
		</input>
		<output>
			<itemStack>railcraft:armor_overalls</itemStack>
		</output>
	</Recipe>
	<Recipe timeRequired="100" power ="10">
		<input>
			<itemStack>actuallyadditions:itemPantsObsidian</itemStack>
			<oreDict>gemDiamond</oreDict>
		</input>
		<output>
			<itemStack>actuallyadditions:itemPantsObsidian</itemStack>
		</output>
	</Recipe>
	<Recipe timeRequired="100" power ="10">
		<input>
			<itemStack>minecraft:chainmail_chestplate</itemStack>
			<oreDict>gemDiamond</oreDict>
			<itemStack>advancedrocketry:pressureTank 1 3</itemStack>
		</input>
		<output>
			<itemStack>minecraft:chainmail_chestplate</itemStack>
		</output>
	</Recipe>
	<Recipe timeRequired="100" power ="10">
		<input>
			<itemStack>projectred-exploration:sapphire_chestplate</itemStack>
			<oreDict>gemDiamond</oreDict>
			<itemStack>advancedrocketry:pressureTank 1 3</itemStack>
		</input>
		<output>
			<itemStack>projectred-exploration:sapphire_chestplate</itemStack>
		</output>
	</Recipe>
	<Recipe timeRequired="100" power ="10">
		<input>
			<itemStack>actuallyadditions:itemBootsCrystalWhite</itemStack>
			<oreDict>gemDiamond</oreDict>
		</input>
		<output>
			<itemStack>actuallyadditions:itemBootsCrystalWhite</itemStack>
		</output>
	</Recipe>
	<Recipe timeRequired="100" power ="10">
		<input>
			<itemStack>enderio:darkSteel_helmet</itemStack>
			<oreDict>gemDiamond</oreDict>
		</input>
		<output>
			<itemStack>enderio:darkSteel_helmet</itemStack>
		</output>
	</Recipe>
	<Recipe timeRequired="100" power ="10">
		<input>
			<itemStack>mysticalagriculture:intermedium_helmet</itemStack>
			<oreDict>gemDiamond</oreDict>
		</input>
		<output>
			<itemStack>mysticalagriculture:intermedium_helmet</itemStack>
		</output>
	</Recipe>
	<Recipe timeRequired="100" power ="10">
		<input>
			<itemStack>thaumcraft:thaumium_boots</itemStack>
			<oreDict>gemDiamond</oreDict>
		</input>
		<output>
			<itemStack>thaumcraft:thaumium_boots</itemStack>
		</output>
	</Recipe>
	<Recipe timeRequired="100" power ="10">
		<input>
			<itemStack>minecraft:golden_leggings</itemStack>
			<oreDict>gemDiamond</oreDict>
		</input>
		<output>
			<itemStack>minecraft:golden_leggings</itemStack>
		</output>
	</Recipe>
	<Recipe timeRequired="100" power ="10">
		<input>
			<itemStack>thermalfoundation:armor.legs_aluminum</itemStack>
			<oreDict>gemDiamond</oreDict>
		</input>
		<output>
			<itemStack>thermalfoundation:armor.legs_aluminum</itemStack>
		</output>
	</Recipe>
	<Recipe timeRequired="100" power ="10">
		<input>
			<itemStack>railcraft:armor_chestplate_steel</itemStack>
			<oreDict>gemDiamond</oreDict>
			<itemStack>advancedrocketry:pressureTank 1 3</itemStack>
		</input>
		<output>
			<itemStack>railcraft:armor_chestplate_steel</itemStack>
		</output>
	</Recipe>
	<Recipe timeRequired="100" power ="10">
		<input>
			<itemStack>mekanismtools:SteelBoots</itemStack>
			<oreDict>gemDiamond</oreDict>
		</input>
		<output>
			<itemStack>mekanismtools:SteelBoots</itemStack>
		</output>
	</Recipe>
	<Recipe timeRequired="100" power ="10">
		<input>
			<itemStack>thaumcraft:crimson_praetor_chest</itemStack>
			<oreDict>gemDiamond</oreDict>
			<itemStack>advancedrocketry:pressureTank 1 3</itemStack>
		</input>
		<output>
			<itemStack>thaumcraft:crimson_praetor_chest</itemStack>
		</output>
	</Recipe>
	<Recipe timeRequired="100" power ="10">
		<input>
			<itemStack>mysticalagriculture:supremium_helmet_resistance</itemStack>
			<oreDict>gemDiamond</oreDict>
		</input>
		<output>
			<itemStack>mysticalagriculture:supremium_helmet_resistance</itemStack>
		</output>
	</Recipe>
	<Recipe timeRequired="100" power ="10">
		<input>
			<itemStack>thaumcraft:crimson_praetor_helm</itemStack>
			<oreDict>gemDiamond</oreDict>
		</input>
		<output>
			<itemStack>thaumcraft:crimson_praetor_helm</itemStack>
		</output>
	</Recipe>
	<Recipe timeRequired="100" power ="10">
		<input>
			<itemStack>mekanismtools:LapisLazuliChestplate</itemStack>
			<oreDict>gemDiamond</oreDict>
			<itemStack>advancedrocketry:pressureTank 1 3</itemStack>
		</input>
		<output>
			<itemStack>mekanismtools:LapisLazuliChestplate</itemStack>
		</output>
	</Recipe>
	<Recipe timeRequired="100" power ="10">
		<input>
			<itemStack>mysticalagriculture:prudentium_leggings</itemStack>
			<oreDict>gemDiamond</oreDict>
		</input>
		<output>
			<itemStack>mysticalagriculture:prudentium_leggings</itemStack>
		</output>
	</Recipe>
	<Recipe timeRequired="100" power ="10">
		<input>
			<itemStack>mysticalagriculture:supremium_boots_antivenom</itemStack>
			<oreDict>gemDiamond</oreDict>
		</input>
		<output>
			<itemStack>mysticalagriculture:supremium_boots_antivenom</itemStack>
		</output>
	</Recipe>
	<Recipe timeRequired="100" power ="10">
		<input>
			<itemStack>actuallyadditions:itemPantsCrystalLightBlue</itemStack>
			<oreDict>gemDiamond</oreDict>
		</input>
		<output>
			<itemStack>actuallyadditions:itemPantsCrystalLightBlue</itemStack>
		</output>
	</Recipe>
	<Recipe timeRequired="100" power ="10">
		<input>
			<itemStack>thaumcraft:thaumium_helm</itemStack>
			<oreDict>gemDiamond</oreDict>
		</input>
		<output>
			<itemStack>thaumcraft:thaumium_helm</itemStack>
		</output>
	</Recipe>
	<Recipe timeRequired="100" power ="10">
		<input>
			<itemStack>thermalfoundation:armor.plate_steel</itemStack>
			<oreDict>gemDiamond</oreDict>
			<itemStack>advancedrocketry:pressureTank 1 3</itemStack>
		</input>
		<output>
			<itemStack>thermalfoundation:armor.plate_steel</itemStack>
		</output>
	</Recipe>
	<Recipe timeRequired="100" power ="10">
		<input>
			<itemStack>rscircuits:monocle</itemStack>
			<oreDict>gemDiamond</oreDict>
		</input>
		<output>
			<itemStack>rscircuits:monocle</itemStack>
		</output>
	</Recipe>
	<Recipe timeRequired="100" power ="10">
		<input>
			<itemStack>minecraft:golden_chestplate</itemStack>
			<oreDict>gemDiamond</oreDict>
			<itemStack>advancedrocketry:pressureTank 1 3</itemStack>
		</input>
		<output>
			<itemStack>minecraft:golden_chestplate</itemStack>
		</output>
	</Recipe>
	<Recipe timeRequired="100" power ="10">
		<input>
			<itemStack>natura:imp_armor_helmet</itemStack>
			<oreDict>gemDiamond</oreDict>
		</input>
		<output>
			<itemStack>natura:imp_armor_helmet</itemStack>
		</output>
	</Recipe>
	<Recipe timeRequired="100" power ="10">
		<input>
			<itemStack>mekanismtools:LapisLazuliLeggings</itemStack>
			<oreDict>gemDiamond</oreDict>
		</input>
		<output>
			<itemStack>mekanismtools:LapisLazuliLeggings</itemStack>
		</output>
	</Recipe>
	<Recipe timeRequired="100" power ="10">
		<input>
			<itemStack>thaumcraft:crimson_plate_helm</itemStack>
			<oreDict>gemDiamond</oreDict>
		</input>
		<output>
			<itemStack>thaumcraft:crimson_plate_helm</itemStack>
		</output>
	</Recipe>
	<Recipe timeRequired="100" power ="10">
		<input>
			<itemStack>botania:elementiumLegs</itemStack>
			<oreDict>gemDiamond</oreDict>
		</input>
		<output>
			<itemStack>botania:elementiumLegs</itemStack>
		</output>
	</Recipe>
	<Recipe timeRequired="100" power ="10">
		<input>
			<itemStack>actuallyadditions:itemBootsCrystalGreen</itemStack>
			<oreDict>gemDiamond</oreDict>
		</input>
		<output>
			<itemStack>actuallyadditions:itemBootsCrystalGreen</itemStack>
		</output>
	</Recipe>
	<Recipe timeRequired="100" power ="10">
		<input>
			<itemStack>botania:manaweaveLegs</itemStack>
			<oreDict>gemDiamond</oreDict>
		</input>
		<output>
			<itemStack>botania:manaweaveLegs</itemStack>
		</output>
	</Recipe>
	<Recipe timeRequired="100" power ="10">
		<input>
			<itemStack>mekanism:ScubaTank</itemStack>
			<oreDict>gemDiamond</oreDict>
			<itemStack>advancedrocketry:pressureTank 1 3</itemStack>
		</input>
		<output>
			<itemStack>mekanism:ScubaTank</itemStack>
		</output>
	</Recipe>
	<Recipe timeRequired="100" power ="10">
		<input>
			<itemStack>mekanismtools:GlowstoneChestplate</itemStack>
			<oreDict>gemDiamond</oreDict>
			<itemStack>advancedrocketry:pressureTank 1 3</itemStack>
		</input>
		<output>
			<itemStack>mekanismtools:GlowstoneChestplate</itemStack>
		</output>
	</Recipe>
	<Recipe timeRequired="100" power ="10">
		<input>
			<itemStack>secretroomsmod:diamond_exposing_helmet</itemStack>
			<oreDict>gemDiamond</oreDict>
		</input>
		<output>
			<itemStack>secretroomsmod:diamond_exposing_helmet</itemStack>
		</output>
	</Recipe>
	<Recipe timeRequired="100" power ="10">
		<input>
			<itemStack>actuallyadditions:itemPantsCrystalWhite</itemStack>
			<oreDict>gemDiamond</oreDict>
		</input>
		<output>
			<itemStack>actuallyadditions:itemPantsCrystalWhite</itemStack>
		</output>
	</Recipe>
	<Recipe timeRequired="100" power ="10">
		<input>
			<itemStack>thermalfoundation:armor.plate_constantan</itemStack>
			<oreDict>gemDiamond</oreDict>
			<itemStack>advancedrocketry:pressureTank 1 3</itemStack>
		</input>
		<output>
			<itemStack>thermalfoundation:armor.plate_constantan</itemStack>
		</output>
	</Recipe>
	<Recipe timeRequired="100" power ="10">
		<input>
			<itemStack>biomesoplenty:mud_chestplate</itemStack>
			<oreDict>gemDiamond</oreDict>
			<itemStack>advancedrocketry:pressureTank 1 3</itemStack>
		</input>
		<output>
			<itemStack>biomesoplenty:mud_chestplate</itemStack>
		</output>
	</Recipe>
	<Recipe timeRequired="100" power ="10">
		<input>
			<itemStack>botania:elementiumChest</itemStack>
			<oreDict>gemDiamond</oreDict>
			<itemStack>advancedrocketry:pressureTank 1 3</itemStack>
		</input>
		<output>
			<itemStack>botania:elementiumChest</itemStack>
		</output>
	</Recipe>
	<Recipe timeRequired="100" power ="10">
		<input>
			<itemStack>harvestcraft:hardenedleatherhelmitem</itemStack>
			<oreDict>gemDiamond</oreDict>
		</input>
		<output>
			<itemStack>harvestcraft:hardenedleatherhelmitem</itemStack>
		</output>
	</Recipe>
	<Recipe timeRequired="100" power ="10">
		<input>
			<itemStack>techreborn:lapotronPack</itemStack>
			<oreDict>gemDiamond</oreDict>
			<itemStack>advancedrocketry:pressureTank 1 3</itemStack>
		</input>
		<output>
			<itemStack>techreborn:lapotronPack</itemStack>
		</output>
	</Recipe>
	<Recipe timeRequired="100" power ="10">
		<input>
			<itemStack>projectred-exploration:peridot_boots</itemStack>
			<oreDict>gemDiamond</oreDict>
		</input>
		<output>
			<itemStack>projectred-exploration:peridot_boots</itemStack>
		</output>
	</Recipe>
	<Recipe timeRequired="100" power ="10">
		<input>
			<itemStack>minecraft:diamond_helmet</itemStack>
			<oreDict>gemDiamond</oreDict>
		</input>
		<output>
			<itemStack>minecraft:diamond_helmet</itemStack>
		</output>
	</Recipe>
	<Recipe timeRequired="100" power ="10">
		<input>
			<itemStack>thermalfoundation:armor.boots_copper</itemStack>
			<oreDict>gemDiamond</oreDict>
		</input>
		<output>
			<itemStack>thermalfoundation:armor.boots_copper</itemStack>
		</output>
	</Recipe>
	<Recipe timeRequired="100" power ="10">
		<input>
			<itemStack>thaumcraft:void_robe_legs</itemStack>
			<oreDict>gemDiamond</oreDict>
		</input>
		<output>
			<itemStack>thaumcraft:void_robe_legs</itemStack>
		</output>
	</Recipe>
	<Recipe timeRequired="100" power ="10">
		<input>
			<itemStack>mysticalagriculture:supremium_boots_absorption</itemStack>
			<oreDict>gemDiamond</oreDict>
		</input>
		<output>
			<itemStack>mysticalagriculture:supremium_boots_absorption</itemStack>
		</output>
	</Recipe>
	<Recipe timeRequired="100" power ="10">
		<input>
			<itemStack>deepresonance:helmet</itemStack>
			<oreDict>gemDiamond</oreDict>
		</input>
		<output>
			<itemStack>deepresonance:helmet</itemStack>
		</output>
	</Recipe>
	<Recipe timeRequired="100" power ="10">
		<input>
			<itemStack>thaumcraft:crimson_robe_chest</itemStack>
			<oreDict>gemDiamond</oreDict>
			<itemStack>advancedrocketry:pressureTank 1 3</itemStack>
		</input>
		<output>
			<itemStack>thaumcraft:crimson_robe_chest</itemStack>
		</output>
	</Recipe>
	<Recipe timeRequired="100" power ="10">
		<input>
			<itemStack>biomesoplenty:wading_boots</itemStack>
			<oreDict>gemDiamond</oreDict>
		</input>
		<output>
			<itemStack>biomesoplenty:wading_boots</itemStack>
		</output>
	</Recipe>
	<Recipe timeRequired="100" power ="10">
		<input>
			<itemStack>mekanismtools:ObsidianHelmet</itemStack>
			<oreDict>gemDiamond</oreDict>
		</input>
		<output>
			<itemStack>mekanismtools:ObsidianHelmet</itemStack>
		</output>
	</Recipe>
	<Recipe timeRequired="100" power ="10">
		<input>
			<itemStack>mysticalagriculture:superium_leggings</itemStack>
			<oreDict>gemDiamond</oreDict>
		</input>
		<output>
			<itemStack>mysticalagriculture:superium_leggings</itemStack>
		</output>
	</Recipe>
	<Recipe timeRequired="100" power ="10">
		<input>
			<itemStack>quark:pirate_hat</itemStack>
			<oreDict>gemDiamond</oreDict>
		</input>
		<output>
			<itemStack>quark:pirate_hat</itemStack>
		</output>
	</Recipe>
	<Recipe timeRequired="100" power ="10">
		<input>
			<itemStack>thermalfoundation:armor.legs_bronze</itemStack>
			<oreDict>gemDiamond</oreDict>
		</input>
		<output>
			<itemStack>thermalfoundation:armor.legs_bronze</itemStack>
		</output>
	</Recipe>
	<Recipe timeRequired="100" power ="10">
		<input>
			<itemStack>projectred-exploration:sapphire_helmet</itemStack>
			<oreDict>gemDiamond</oreDict>
		</input>
		<output>
			<itemStack>projectred-exploration:sapphire_helmet</itemStack>
		</output>
	</Recipe>
	<Recipe timeRequired="100" power ="10">
		<input>
			<itemStack>thermalfoundation:armor.helmet_silver</itemStack>
			<oreDict>gemDiamond</oreDict>
		</input>
		<output>
			<itemStack>thermalfoundation:armor.helmet_silver</itemStack>
		</output>
	</Recipe>
	<Recipe timeRequired="100" power ="10">
		<input>
			<itemStack>mysticalagriculture:supremium_boots_jump</itemStack>
			<oreDict>gemDiamond</oreDict>
		</input>
		<output>
			<itemStack>mysticalagriculture:supremium_boots_jump</itemStack>
		</output>
	</Recipe>
	<Recipe timeRequired="100" power ="10">
		<input>
			<itemStack>simplyjetpacks:itemFluxpack</itemStack>
			<oreDict>gemDiamond</oreDict>
			<itemStack>advancedrocketry:pressureTank 1 3</itemStack>
		</input>
		<output>
			<itemStack>simplyjetpacks:itemFluxpack</itemStack>
		</output>
	</Recipe>
	<Recipe timeRequired="100" power ="10">
		<input>
			<itemStack>draconicevolution:draconic_chest</itemStack>
			<oreDict>gemDiamond</oreDict>
			<itemStack>advancedrocketry:pressureTank 1 3</itemStack>
		</input>
		<output>
			<itemStack>draconicevolution:draconic_chest</itemStack>
		</output>
	</Recipe>
	<Recipe timeRequired="100" power ="10">
		<input>
			<itemStack>mysticalagriculture:supremium_helmet</itemStack>
			<oreDict>gemDiamond</oreDict>
		</input>
		<output>
			<itemStack>mysticalagriculture:supremium_helmet</itemStack>
		</output>
	</Recipe>
	<Recipe timeRequired="100" power ="10">
		<input>
			<itemStack>actuallyadditions:itemPantsQuartz</itemStack>
			<oreDict>gemDiamond</oreDict>
		</input>
		<output>
			<itemStack>actuallyadditions:itemPantsQuartz</itemStack>
		</output>
	</Recipe>
	<Recipe timeRequired="100" power ="10">
		<input>
			<itemStack>immersiveengineering:faradaySuit_chest</itemStack>
			<oreDict>gemDiamond</oreDict>
			<itemStack>advancedrocketry:pressureTank 1 3</itemStack>
		</input>
		<output>
			<itemStack>immersiveengineering:faradaySuit_chest</itemStack>
		</output>
	</Recipe>
	<Recipe timeRequired="100" power ="10">
		<input>
			<itemStack>actuallyadditions:itemPantsCrystalGreen</itemStack>
			<oreDict>gemDiamond</oreDict>
		</input>
		<output>
			<itemStack>actuallyadditions:itemPantsCrystalGreen</itemStack>
		</output>
	</Recipe>
	<Recipe timeRequired="100" power ="10">
		<input>
			<itemStack>actuallyadditions:itemPantsCrystalRed</itemStack>
			<oreDict>gemDiamond</oreDict>
		</input>
		<output>
			<itemStack>actuallyadditions:itemPantsCrystalRed</itemStack>
		</output>
	</Recipe>
	<Recipe timeRequired="100" power ="10">
		<input>
			<itemStack>tconstruct:slime_boots</itemStack>
			<oreDict>gemDiamond</oreDict>
		</input>
		<output>
			<itemStack>tconstruct:slime_boots</itemStack>
		</output>
	</Recipe>
	<Recipe timeRequired="100" power ="10">
		<input>
			<itemStack>actuallyadditions:itemPantsEmerald</itemStack>
			<oreDict>gemDiamond</oreDict>
		</input>
		<output>
			<itemStack>actuallyadditions:itemPantsEmerald</itemStack>
		</output>
	</Recipe>
	<Recipe timeRequired="100" power ="10">
		<input>
			<itemStack>mekanismtools:ObsidianLeggings</itemStack>
			<oreDict>gemDiamond</oreDict>
		</input>
		<output>
			<itemStack>mekanismtools:ObsidianLeggings</itemStack>
		</output>
	</Recipe>
	<Recipe timeRequired="100" power ="10">
		<input>
			<itemStack>thermalfoundation:armor.plate_invar</itemStack>
			<oreDict>gemDiamond</oreDict>
			<itemStack>advancedrocketry:pressureTank 1 3</itemStack>
		</input>
		<output>
			<itemStack>thermalfoundation:armor.plate_invar</itemStack>
		</output>
	</Recipe>
	<Recipe timeRequired="100" power ="10">
		<input>
			<itemStack>mekanismtools:GlowstoneLeggings</itemStack>
			<oreDict>gemDiamond</oreDict>
		</input>
		<output>
			<itemStack>mekanismtools:GlowstoneLeggings</itemStack>
		</output>
	</Recipe>
	<Recipe timeRequired="100" power ="10">
		<input>
			<itemStack>thaumcraft:void_boots</itemStack>
			<oreDict>gemDiamond</oreDict>
		</input>
		<output>
			<itemStack>thaumcraft:void_boots</itemStack>
		</output>
	</Recipe>
	<Recipe timeRequired="100" power ="10">
		<input>
			<itemStack>deepresonance:boots</itemStack>
			<oreDict>gemDiamond</oreDict>
		</input>
		<output>
			<itemStack>deepresonance:boots</itemStack>
		</output>
	</Recipe>
	<Recipe timeRequired="100" power ="10">
		<input>
			<itemStack>draconicevolution:wyvern_boots</itemStack>
			<oreDict>gemDiamond</oreDict>
		</input>
		<output>
			<itemStack>draconicevolution:wyvern_boots</itemStack>
		</output>
	</Recipe>
	<Recipe timeRequired="100" power ="10">
		<input>
			<itemStack>thermalfoundation:armor.plate_silver</itemStack>
			<oreDict>gemDiamond</oreDict>
			<itemStack>advancedrocketry:pressureTank 1 3</itemStack>
		</input>
		<output>
			<itemStack>thermalfoundation:armor.plate_silver</itemStack>
		</output>
	</Recipe>
	<Recipe timeRequired="100" power ="10">
		<input>
			<itemStack>minecraft:leather_boots</itemStack>
			<oreDict>gemDiamond</oreDict>
		</input>
		<output>
			<itemStack>minecraft:leather_boots</itemStack>
		</output>
	</Recipe>
	<Recipe timeRequired="100" power ="10">
		<input>
			<itemStack>thermalfoundation:armor.plate_electrum</itemStack>
			<oreDict>gemDiamond</oreDict>
			<itemStack>advancedrocketry:pressureTank 1 3</itemStack>
		</input>
		<output>
			<itemStack>thermalfoundation:armor.plate_electrum</itemStack>
		</output>
	</Recipe>
	<Recipe timeRequired="100" power ="10">
		<input>
			<itemStack>thaumcraft:crimson_plate_chest</itemStack>
			<oreDict>gemDiamond</oreDict>
			<itemStack>advancedrocketry:pressureTank 1 3</itemStack>
		</input>
		<output>
			<itemStack>thaumcraft:crimson_plate_chest</itemStack>
		</output>
	</Recipe>
	<Recipe timeRequired="100" power ="10">
		<input>
			<itemStack>forestry:apiaristBoots</itemStack>
			<oreDict>gemDiamond</oreDict>
		</input>
		<output>
			<itemStack>forestry:apiaristBoots</itemStack>
		</output>
	</Recipe>
	<Recipe timeRequired="100" power ="10">
		<input>
			<itemStack>projectred-exploration:sapphire_boots</itemStack>
			<oreDict>gemDiamond</oreDict>
		</input>
		<output>
			<itemStack>projectred-exploration:sapphire_boots</itemStack>
		</output>
	</Recipe>
	<Recipe timeRequired="100" power ="10">
		<input>
			<itemStack>minecraft:golden_boots</itemStack>
			<oreDict>gemDiamond</oreDict>
		</input>
		<output>
			<itemStack>minecraft:golden_boots</itemStack>
		</output>
	</Recipe>
	<Recipe timeRequired="100" power ="10">
		<input>
			<itemStack>thermalfoundation:armor.helmet_nickel</itemStack>
			<oreDict>gemDiamond</oreDict>
		</input>
		<output>
			<itemStack>thermalfoundation:armor.helmet_nickel</itemStack>
		</output>
	</Recipe>
	<Recipe timeRequired="100" power ="10">
		<input>
			<itemStack>thermalfoundation:armor.legs_steel</itemStack>
			<oreDict>gemDiamond</oreDict>
		</input>
		<output>
			<itemStack>thermalfoundation:armor.legs_steel</itemStack>
		</output>
	</Recipe>
	<Recipe timeRequired="100" power ="10">
		<input>
			<itemStack>mysticalagriculture:prudentium_chestplate</itemStack>
			<oreDict>gemDiamond</oreDict>
			<itemStack>advancedrocketry:pressureTank 1 3</itemStack>
		</input>
		<output>
			<itemStack>mysticalagriculture:prudentium_chestplate</itemStack>
		</output>
	</Recipe>
	<Recipe timeRequired="100" power ="10">
		<input>
			<itemStack>rccosmetic:train_operator_red_cap</itemStack>
			<oreDict>gemDiamond</oreDict>
		</input>
		<output>
			<itemStack>rccosmetic:train_operator_red_cap</itemStack>
		</output>
	</Recipe>
	<Recipe timeRequired="100" power ="10">
		<input>
			<itemStack>mysticalagriculture:superium_boots</itemStack>
			<oreDict>gemDiamond</oreDict>
		</input>
		<output>
			<itemStack>mysticalagriculture:superium_boots</itemStack>
		</output>
	</Recipe>
	<Recipe timeRequired="100" power ="10">
		<input>
			<itemStack>mysticalagriculture:supremium_boots_fire</itemStack>
			<oreDict>gemDiamond</oreDict>
		</input>
		<output>
			<itemStack>mysticalagriculture:supremium_boots_fire</itemStack>
		</output>
	</Recipe>
	<Recipe timeRequired="100" power ="10">
		<input>
			<itemStack>minecraft:chainmail_leggings</itemStack>
			<oreDict>gemDiamond</oreDict>
		</input>
		<output>
			<itemStack>minecraft:chainmail_leggings</itemStack>
		</output>
	</Recipe>
	<Recipe timeRequired="100" power ="10">
		<input>
			<itemStack>minecraft:diamond_chestplate</itemStack>
			<oreDict>gemDiamond</oreDict>
			<itemStack>advancedrocketry:pressureTank 1 3</itemStack>
		</input>
		<output>
			<itemStack>minecraft:diamond_chestplate</itemStack>
		</output>
	</Recipe>
	<Recipe timeRequired="100" power ="10">
		<input>
			<itemStack>draconicevolution:draconic_legs</itemStack>
			<oreDict>gemDiamond</oreDict>
		</input>
		<output>
			<itemStack>draconicevolution:draconic_legs</itemStack>
		</output>
	</Recipe>
	<Recipe timeRequired="100" power ="10">
		<input>
			<itemStack>actuallyadditions:itemHelmEmerald</itemStack>
			<oreDict>gemDiamond</oreDict>
		</input>
		<output>
			<itemStack>actuallyadditions:itemHelmEmerald</itemStack>
		</output>
	</Recipe>
	<Recipe timeRequired="100" power ="10">
		<input>
			<itemStack>botania:manasteelHelmReveal</itemStack>
			<oreDict>gemDiamond</oreDict>
		</input>
		<output>
			<itemStack>botania:manasteelHelmReveal</itemStack>
		</output>
	</Recipe>
	<Recipe timeRequired="100" power ="10">
		<input>
			<itemStack>deepresonance:leggings</itemStack>
			<oreDict>gemDiamond</oreDict>
		</input>
		<output>
			<itemStack>deepresonance:leggings</itemStack>
		</output>
	</Recipe>
	<Recipe timeRequired="100" power ="10">
		<input>
			<itemStack>mekanismtools:OsmiumLeggings</itemStack>
			<oreDict>gemDiamond</oreDict>
		</input>
		<output>
			<itemStack>mekanismtools:OsmiumLeggings</itemStack>
		</output>
	</Recipe>
	<Recipe timeRequired="100" power ="10">
		<input>
			<itemStack>minecraft:diamond_leggings</itemStack>
			<oreDict>gemDiamond</oreDict>
		</input>
		<output>
			<itemStack>minecraft:diamond_leggings</itemStack>
		</output>
	</Recipe>
	<Recipe timeRequired="100" power ="10">
		<input>
			<itemStack>forestry:naturalistHelmet</itemStack>
			<oreDict>gemDiamond</oreDict>
		</input>
		<output>
			<itemStack>forestry:naturalistHelmet</itemStack>
		</output>
	</Recipe>
	<Recipe timeRequired="100" power ="10">
		<input>
			<itemStack>minecraft:iron_boots</itemStack>
			<oreDict>gemDiamond</oreDict>
		</input>
		<output>
			<itemStack>minecraft:iron_boots</itemStack>
		</output>
	</Recipe>
	<Recipe timeRequired="100" power ="10">
		<input>
			<itemStack>botania:terrasteelHelmReveal</itemStack>
			<oreDict>gemDiamond</oreDict>
		</input>
		<output>
			<itemStack>botania:terrasteelHelmReveal</itemStack>
		</output>
	</Recipe>
	<Recipe timeRequired="100" power ="10">
		<input>
			<itemStack>minecraft:chainmail_boots</itemStack>
			<oreDict>gemDiamond</oreDict>
		</input>
		<output>
			<itemStack>minecraft:chainmail_boots</itemStack>
		</output>
	</Recipe>
	<Recipe timeRequired="100" power ="10">
		<input>
			<itemStack>botania:elementiumHelm</itemStack>
			<oreDict>gemDiamond</oreDict>
		</input>
		<output>
			<itemStack>botania:elementiumHelm</itemStack>
		</output>
	</Recipe>
	<Recipe timeRequired="100" power ="10">
		<input>
			<itemStack>botania:manaweaveHelm</itemStack>
			<oreDict>gemDiamond</oreDict>
		</input>
		<output>
			<itemStack>botania:manaweaveHelm</itemStack>
		</output>
	</Recipe>
	<Recipe timeRequired="100" power ="10">
		<input>
			<itemStack>botania:elementiumHelmReveal</itemStack>
			<oreDict>gemDiamond</oreDict>
		</input>
		<output>
			<itemStack>botania:elementiumHelmReveal</itemStack>
		</output>
	</Recipe>
	<Recipe timeRequired="100" power ="10">
		<input>
			<itemStack>thaumcraft:cloth_chest</itemStack>
			<oreDict>gemDiamond</oreDict>
			<itemStack>advancedrocketry:pressureTank 1 3</itemStack>
		</input>
		<output>
			<itemStack>thaumcraft:cloth_chest</itemStack>
		</output>
	</Recipe>
	<Recipe timeRequired="100" power ="10">
		<input>
			<itemStack>thermalfoundation:armor.boots_nickel</itemStack>
			<oreDict>gemDiamond</oreDict>
		</input>
		<output>
			<itemStack>thermalfoundation:armor.boots_nickel</itemStack>
		</output>
	</Recipe>
	<Recipe timeRequired="100" power ="10">
		<input>
			<itemStack>mysticalagriculture:supremium_chestplate_fire</itemStack>
			<oreDict>gemDiamond</oreDict>
			<itemStack>advancedrocketry:pressureTank 1 3</itemStack>
		</input>
		<output>
			<itemStack>mysticalagriculture:supremium_chestplate_fire</itemStack>
		</output>
	</Recipe>
	<Recipe timeRequired="100" power ="10">
		<input>
			<itemStack>mysticalagriculture:prudentium_boots</itemStack>
			<oreDict>gemDiamond</oreDict>
		</input>
		<output>
			<itemStack>mysticalagriculture:prudentium_boots</itemStack>
		</output>
	</Recipe>
	<Recipe timeRequired="100" power ="10">
		<input>
			<itemStack>immersiveengineering:faradaySuit_feet</itemStack>
			<oreDict>gemDiamond</oreDict>
		</input>
		<output>
			<itemStack>immersiveengineering:faradaySuit_feet</itemStack>
		</output>
	</Recipe>
	<Recipe timeRequired="100" power ="10">
		<input>
			<itemStack>minecraft:chainmail_helmet</itemStack>
			<oreDict>gemDiamond</oreDict>
		</input>
		<output>
			<itemStack>minecraft:chainmail_helmet</itemStack>
		</output>
	</Recipe>
	<Recipe timeRequired="100" power ="10">
		<input>
			<itemStack>biomesoplenty:mud_boots</itemStack>
			<oreDict>gemDiamond</oreDict>
		</input>
		<output>
			<itemStack>biomesoplenty:mud_boots</itemStack>
		</output>
	</Recipe>
	<Recipe timeRequired="100" power ="10">
		<input>
			<itemStack>harvestcraft:hardenedleatherchestitem</itemStack>
			<oreDict>gemDiamond</oreDict>
			<itemStack>advancedrocketry:pressureTank 1 3</itemStack>
		</input>
		<output>
			<itemStack>harvestcraft:hardenedleatherchestitem</itemStack>
		</output>
	</Recipe>
	<Recipe timeRequired="100" power ="10">
		<input>
			<itemStack>botania:manaweaveChest</itemStack>
			<oreDict>gemDiamond</oreDict>
			<itemStack>advancedrocketry:pressureTank 1 3</itemStack>
		</input>
		<output>
			<itemStack>botania:manaweaveChest</itemStack>
		</output>
	</Recipe>
	<Recipe timeRequired="100" power ="10">
		<input>
			<itemStack>minecraft:leather_helmet</itemStack>
			<oreDict>gemDiamond</oreDict>
		</input>
		<output>
			<itemStack>minecraft:leather_helmet</itemStack>
		</output>
	</Recipe>
	<Recipe timeRequired="100" power ="10">
		<input>
			<itemStack>boots:FallBoots</itemStack>
			<oreDict>gemDiamond</oreDict>
		</input>
		<output>
			<itemStack>boots:FallBoots</itemStack>
		</output>
	</Recipe>
	<Recipe timeRequired="100" power ="10">
		<input>
			<itemStack>thermalfoundation:armor.boots_platinum</itemStack>
			<oreDict>gemDiamond</oreDict>
		</input>
		<output>
			<itemStack>thermalfoundation:armor.boots_platinum</itemStack>
		</output>
	</Recipe>
	<Recipe timeRequired="100" power ="10">
		<input>
			<itemStack>thaumcraft:void_robe_helm</itemStack>
			<oreDict>gemDiamond</oreDict>
		</input>
		<output>
			<itemStack>thaumcraft:void_robe_helm</itemStack>
		</output>
	</Recipe>
	<Recipe timeRequired="100" power ="10">
		<input>
			<itemStack>actuallyadditions:itemChestEmerald</itemStack>
			<oreDict>gemDiamond</oreDict>
			<itemStack>advancedrocketry:pressureTank 1 3</itemStack>
		</input>
		<output>
			<itemStack>actuallyadditions:itemChestEmerald</itemStack>
		</output>
	</Recipe>
	<Recipe timeRequired="100" power ="10">
		<input>
			<itemStack>actuallyadditions:itemChestCrystalGreen</itemStack>
			<oreDict>gemDiamond</oreDict>
			<itemStack>advancedrocketry:pressureTank 1 3</itemStack>
		</input>
		<output>
			<itemStack>actuallyadditions:itemChestCrystalGreen</itemStack>
		</output>
	</Recipe>
	<Recipe timeRequired="100" power ="10">
		<input>
			<itemStack>projectred-exploration:ruby_leggings</itemStack>
			<oreDict>gemDiamond</oreDict>
		</input>
		<output>
			<itemStack>projectred-exploration:ruby_leggings</itemStack>
		</output>
	</Recipe>
	<Recipe timeRequired="100" power ="10">
		<input>
			<itemStack>draconicevolution:wyvern_legs</itemStack>
			<oreDict>gemDiamond</oreDict>
		</input>
		<output>
			<itemStack>draconicevolution:wyvern_legs</itemStack>
		</output>
	</Recipe>
	<Recipe timeRequired="100" power ="10">
		<input>
			<itemStack>enderio:darkSteel_leggings</itemStack>
			<oreDict>gemDiamond</oreDict>
		</input>
		<output>
			<itemStack>enderio:darkSteel_leggings</itemStack>
		</output>
	</Recipe>
	<Recipe timeRequired="100" power ="10">
		<input>
			<itemStack>mysticalagriculture:inferium_helmet</itemStack>
			<oreDict>gemDiamond</oreDict>
		</input>
		<output>
			<itemStack>mysticalagriculture:inferium_helmet</itemStack>
		</output>
	</Recipe>
	<Recipe timeRequired="100" power ="10">
		<input>
			<itemStack>railcraft:armor_boots_steel</itemStack>
			<oreDict>gemDiamond</oreDict>
		</input>
		<output>
			<itemStack>railcraft:armor_boots_steel</itemStack>
		</output>
	</Recipe>
	<Recipe timeRequired="100" power ="10">
		<input>
			<itemStack>botania:elementiumBoots</itemStack>
			<oreDict>gemDiamond</oreDict>
		</input>
		<output>
			<itemStack>botania:elementiumBoots</itemStack>
		</output>
	</Recipe>
	<Recipe timeRequired="100" power ="10">
		<input>
			<itemStack>thermalfoundation:armor.helmet_copper</itemStack>
			<oreDict>gemDiamond</oreDict>
		</input>
		<output>
			<itemStack>thermalfoundation:armor.helmet_copper</itemStack>
		</output>
	</Recipe>
	<Recipe timeRequired="100" power ="10">
		<input>
			<itemStack>biomesoplenty:lush_flower_band</itemStack>
			<oreDict>gemDiamond</oreDict>
		</input>
		<output>
			<itemStack>biomesoplenty:lush_flower_band</itemStack>
		</output>
	</Recipe>
	<Recipe timeRequired="100" power ="10">
		<input>
			<itemStack>thermalfoundation:armor.helmet_platinum</itemStack>
			<oreDict>gemDiamond</oreDict>
		</input>
		<output>
			<itemStack>thermalfoundation:armor.helmet_platinum</itemStack>
		</output>
	</Recipe>
	<Recipe timeRequired="100" power ="10">
		<input>
			<itemStack>natura:imp_armor_leggings</itemStack>
			<oreDict>gemDiamond</oreDict>
		</input>
		<output>
			<itemStack>natura:imp_armor_leggings</itemStack>
		</output>
	</Recipe>
	<Recipe timeRequired="100" power ="10">
		<input>
			<itemStack>actuallyadditions:itemHelmCrystalRed</itemStack>
			<oreDict>gemDiamond</oreDict>
		</input>
		<output>
			<itemStack>actuallyadditions:itemHelmCrystalRed</itemStack>
		</output>
	</Recipe>
	<Recipe timeRequired="100" power ="10">
		<input>
			<itemStack>botania:terrasteelLegs</itemStack>
			<oreDict>gemDiamond</oreDict>
		</input>
		<output>
			<itemStack>botania:terrasteelLegs</itemStack>
		</output>
	</Recipe>
	<Recipe timeRequired="100" power ="10">
		<input>
			<itemStack>mekanismtools:SteelLeggings</itemStack>
			<oreDict>gemDiamond</oreDict>
		</input>
		<output>
			<itemStack>mekanismtools:SteelLeggings</itemStack>
		</output>
	</Recipe>
	<Recipe timeRequired="100" power ="10">
		<input>
			<itemStack>actuallyadditions:itemChestCrystalBlack</itemStack>
			<oreDict>gemDiamond</oreDict>
			<itemStack>advancedrocketry:pressureTank 1 3</itemStack>
		</input>
		<output>
			<itemStack>actuallyadditions:itemChestCrystalBlack</itemStack>
		</output>
	</Recipe>
	<Recipe timeRequired="100" power ="10">
		<input>
			<itemStack>actuallyadditions:itemBootsEmerald</itemStack>
			<oreDict>gemDiamond</oreDict>
		</input>
		<output>
			<itemStack>actuallyadditions:itemBootsEmerald</itemStack>
		</output>
	</Recipe>
	<Recipe timeRequired="100" power ="10">
		<input>
			<itemStack>projectred-expansion:jetpack</itemStack>
			<oreDict>gemDiamond</oreDict>
			<itemStack>advancedrocketry:pressureTank 1 3</itemStack>
		</input>
		<output>
			<itemStack>projectred-expansion:jetpack</itemStack>
		</output>
	</Recipe>
	<Recipe timeRequired="100" power ="10">
		<input>
			<itemStack>simplyjetpacks:itemJetpack</itemStack>
			<oreDict>gemDiamond</oreDict>
			<itemStack>advancedrocketry:pressureTank 1 3</itemStack>
		</input>
		<output>
			<itemStack>simplyjetpacks:itemJetpack</itemStack>
		</output>
	</Recipe>
	<Recipe timeRequired="100" power ="10">
		<input>
			<itemStack>mekanismtools:OsmiumBoots</itemStack>
			<oreDict>gemDiamond</oreDict>
		</input>
		<output>
			<itemStack>mekanismtools:OsmiumBoots</itemStack>
		</output>
	</Recipe>
	<Recipe timeRequired="100" power ="10">
		<input>
			<itemStack>mysticalagriculture:supremium_chestplate_wither</itemStack>
			<oreDict>gemDiamond</oreDict>
			<itemStack>advancedrocketry:pressureTank 1 3</itemStack>
		</input>
		<output>
			<itemStack>mysticalagriculture:supremium_chestplate_wither</itemStack>
		</output>
	</Recipe>
	<Recipe timeRequired="100" power ="10">
		<input>
			<itemStack>mekanismtools:BronzeChestplate</itemStack>
			<oreDict>gemDiamond</oreDict>
			<itemStack>advancedrocketry:pressureTank 1 3</itemStack>
		</input>
		<output>
			<itemStack>mekanismtools:BronzeChestplate</itemStack>
		</output>
	</Recipe>
	<Recipe timeRequired="100" power ="10">
		<input>
			<itemStack>thermalfoundation:armor.boots_aluminum</itemStack>
			<oreDict>gemDiamond</oreDict>
		</input>
		<output>
			<itemStack>thermalfoundation:armor.boots_aluminum</itemStack>
		</output>
	</Recipe>
	<Recipe timeRequired="100" power ="10">
		<input>
			<itemStack>mysticalagriculture:supremium_chestplate_absorption</itemStack>
			<oreDict>gemDiamond</oreDict>
			<itemStack>advancedrocketry:pressureTank 1 3</itemStack>
		</input>
		<output>
			<itemStack>mysticalagriculture:supremium_chestplate_absorption</itemStack>
		</output>
	</Recipe>
	<Recipe timeRequired="100" power ="10">
		<input>
			<itemStack>theoneprobe:diamond_helmet_probe</itemStack>
			<oreDict>gemDiamond</oreDict>
		</input>
		<output>
			<itemStack>theoneprobe:diamond_helmet_probe</itemStack>
		</output>
	</Recipe>
	<Recipe timeRequired="100" power ="10">
		<input>
			<itemStack>mekanismtools:BronzeLeggings</itemStack>
			<oreDict>gemDiamond</oreDict>
		</input>
		<output>
			<itemStack>mekanismtools:BronzeLeggings</itemStack>
		</output>
	</Recipe>
	<Recipe timeRequired="100" power ="10">
		<input>
			<itemStack>thermalfoundation:armor.plate_copper</itemStack>
			<oreDict>gemDiamond</oreDict>
			<itemStack>advancedrocketry:pressureTank 1 3</itemStack>
		</input>
		<output>
			<itemStack>thermalfoundation:armor.plate_copper</itemStack>
		</output>
	</Recipe>
	<Recipe timeRequired="100" power ="10">
		<input>
			<itemStack>theoneprobe:gold_helmet_probe</itemStack>
			<oreDict>gemDiamond</oreDict>
		</input>
		<output>
			<itemStack>theoneprobe:gold_helmet_probe</itemStack>
		</output>
	</Recipe>
	<Recipe timeRequired="100" power ="10">
		<input>
			<itemStack>enderio:darkSteel_boots</itemStack>
			<oreDict>gemDiamond</oreDict>
		</input>
		<output>
			<itemStack>enderio:darkSteel_boots</itemStack>
		</output>
	</Recipe>
	<Recipe timeRequired="100" power ="10">
		<input>
			<itemStack>actuallyadditions:itemHelmObsidian</itemStack>
			<oreDict>gemDiamond</oreDict>
		</input>
		<output>
			<itemStack>actuallyadditions:itemHelmObsidian</itemStack>
		</output>
	</Recipe>
	<Recipe timeRequired="100" power ="10">
		<input>
			<itemStack>thermalfoundation:armor.boots_tin</itemStack>
			<oreDict>gemDiamond</oreDict>
		</input>
		<output>
			<itemStack>thermalfoundation:armor.boots_tin</itemStack>
		</output>
	</Recipe>
	<Recipe timeRequired="100" power ="10">
		<input>
			<itemStack>thermalfoundation:armor.legs_electrum</itemStack>
			<oreDict>gemDiamond</oreDict>
		</input>
		<output>
			<itemStack>thermalfoundation:armor.legs_electrum</itemStack>
		</output>
	</Recipe>
	<Recipe timeRequired="100" power ="10">
		<input>
			<itemStack>mysticalagriculture:supremium_boots</itemStack>
			<oreDict>gemDiamond</oreDict>
		</input>
		<output>
			<itemStack>mysticalagriculture:supremium_boots</itemStack>
		</output>
	</Recipe>
	<Recipe timeRequired="100" power ="10">
		<input>
			<itemStack>thermalfoundation:armor.helmet_aluminum</itemStack>
			<oreDict>gemDiamond</oreDict>
		</input>
		<output>
			<itemStack>thermalfoundation:armor.helmet_aluminum</itemStack>
		</output>
	</Recipe>
	<Recipe timeRequired="100" power ="10">
		<input>
			<itemStack>actuallyadditions:itemBootsCrystalLightBlue</itemStack>
			<oreDict>gemDiamond</oreDict>
		</input>
		<output>
			<itemStack>actuallyadditions:itemBootsCrystalLightBlue</itemStack>
		</output>
	</Recipe>
	<Recipe timeRequired="100" power ="10">
		<input>
			<itemStack>mysticalagriculture:supremium_boots_resistance</itemStack>
			<oreDict>gemDiamond</oreDict>
		</input>
		<output>
			<itemStack>mysticalagriculture:supremium_boots_resistance</itemStack>
		</output>
	</Recipe>
	<Recipe timeRequired="100" power ="10">
		<input>
			<itemStack>forestry:apiaristHelmet</itemStack>
			<oreDict>gemDiamond</oreDict>
		</input>
		<output>
			<itemStack>forestry:apiaristHelmet</itemStack>
		</output>
	</Recipe>
	<Recipe timeRequired="100" power ="10">
		<input>
			<itemStack>projectred-exploration:peridot_helmet</itemStack>
			<oreDict>gemDiamond</oreDict>
		</input>
		<output>
			<itemStack>projectred-exploration:peridot_helmet</itemStack>
		</output>
	</Recipe>
	<Recipe timeRequired="100" power ="10">
		<input>
			<itemStack>botania:manasteelLegs</itemStack>
			<oreDict>gemDiamond</oreDict>
		</input>
		<output>
			<itemStack>botania:manasteelLegs</itemStack>
		</output>
	</Recipe>
	<Recipe timeRequired="100" power ="10">
		<input>
			<itemStack>mysticalagriculture:intermedium_leggings</itemStack>
			<oreDict>gemDiamond</oreDict>
		</input>
		<output>
			<itemStack>mysticalagriculture:intermedium_leggings</itemStack>
		</output>
	</Recipe>
</Recipes>